frame, face_id, timestamp, confidence, success, AU01_r, AU02_r, AU04_r, AU05_r, AU06_r, AU07_r, AU09_r, AU10_r, AU12_r, AU14_r, AU15_r, AU17_r, AU20_r, AU23_r, AU25_r, AU26_r, AU45_r, AU01_c, AU02_c, AU04_c, AU05_c, AU06_c, AU07_c, AU09_c, AU10_c, AU12_c, AU14_c, AU15_c, AU17_c, AU20_c, AU23_c, AU25_c, AU26_c, AU28_c, AU45_c
1,  0,  0.000,  0.98,  1, 0.00, 0.00, 0.38, 0.00, 0.00, 0.00, 0.00, 0.46, 0.00, 0.00, 0.29, 0.41, 0.24, 0.00, 0.91, 0.00, 0.08, 0.00, 0.00, 1.00, 0.00, 0.00, 1.00, 0.00, 0.00, 0.00, 0.00, 0.00, 0.00, 0.00, 1.00, 0.00, 0.00, 0.00, 0.00
2,  0,  0.101,  0.98,  1, 0.00, 0.00, 0.18, 0.00, 0.00, 0.05, 0.00, 0.58, 0.00, 0.00, 0.64, 0.86, 0.23, 0.00, 0.77, 0.00, 0.16, 0.00, 0.00, 1.00, 0.00, 0.00, 1.00, 0.00, 0.00, 0.00, 0.00, 1.00, 0.00, 0.00, 0.00, 0.00, 0.00, 0.00, 0.00
3,  0,  0.202,  0.98,  1, 0.00, 0.00, 0.06, 0.00, 0.00, 0.05, 0.00, 0.52, 0.00, 0.00, 0.78, 1.10, 0.18, 0.00, 0.72, 0.00, 0.44, 0.00, 0.00, 1.00, 0.00, 0.00, 1.00, 0.00, 0.00, 0.00, 0.00, 1.00, 1.00, 0.00, 1.00, 0.00, 0.00, 0.00, 0.00
4,  0,  0.302,  0.98,  1, 0.00, 0.00, 0.06, 0.00, 0.00, 0.05, 0.00, 0.38, 0.00, 0.00, 0.64, 1.10, 0.15, 0.00, 0.74, 0.00, 0.44, 0.00, 0.00, 1.00, 0.00, 0.00, 1.00, 0.00, 0.00, 0.00, 0.00, 1.00, 0.00, 0.00, 1.00, 0.00, 0.00, 0.00, 0.00
5,  0,  0.403,  0.98,  1, 0.00, 0.00, 0.00, 0.00, 0.00, 0.00, 0.00, 0.36, 0.00, 0.00, 0.61, 1.03, 0.05, 0.00, 0.83, 0.00, 0.35, 0.00, 0.00, 1.00, 0.00, 0.00, 1.00, 0.00, 0.00, 0.00, 0.00, 1.00, 0.00, 0.00, 1.00, 0.00, 0.00, 0.00, 0.00
6,  0,  0.504,  0.98,  1, 0.00, 0.00, 0.00, 0.00, 0.00, 0.00, 0.00, 0.38, 0.00, 0.00, 0.49, 0.97, 0.02, 0.00, 0.80, 0.00, 0.03, 0.00, 0.00, 1.00, 0.00, 0.00, 1.00, 0.00, 0.00, 0.00, 0.00, 1.00, 0.00, 0.00, 1.00, 0.00, 0.00, 0.00, 0.00
7,  0,  0.605,  0.98,  1, 0.00, 0.00, 0.00, 0.00, 0.00, 0.00, 0.00, 0.43, 0.00, 0.00, 0.53, 0.99, 0.09, 0.00, 0.72, 0.00, 0.00, 0.00, 0.00, 1.00, 0.00, 0.00, 1.00, 0.00, 0.00, 0.00, 0.00, 1.00, 0.00, 0.00, 1.00, 0.00, 0.00, 0.00, 0.00
8,  0,  0.705,  0.98,  1, 0.00, 0.00, 0.00, 0.00, 0.00, 0.00, 0.00, 0.36, 0.00, 0.00, 0.57, 0.85, 0.10, 0.00, 0.66, 0.00, 0.00, 0.00, 0.00, 1.00, 0.00, 0.00, 1.00, 0.00, 0.00, 0.00, 0.00, 1.00, 0.00, 0.00, 1.00, 0.00, 0.00, 0.00, 0.00
9,  0,  0.806,  0.98,  1, 0.00, 0.00, 0.01, 0.00, 0.00, 0.00, 0.00, 0.39, 0.00, 0.00, 0.65, 0.81, 0.10, 0.00, 0.69, 0.00, 0.00, 0.00, 0.00, 1.00, 0.00, 0.00, 1.00, 0.00, 0.00, 0.00, 0.00, 1.00, 0.00, 0.00, 1.00, 0.00, 0.00, 0.00, 0.00
10,  0,  0.907,  0.98,  1, 0.00, 0.00, 0.04, 0.00, 0.00, 0.00, 0.00, 0.37, 0.00, 0.00, 0.61, 0.68, 0.03, 0.00, 0.75, 0.00, 0.00, 0.00, 0.00, 1.00, 0.00, 0.00, 1.00, 0.00, 0.00, 0.00, 0.00, 1.00, 0.00, 0.00, 0.00, 0.00, 0.00, 0.00, 0.00
11,  0,  1.008,  0.98,  1, 0.00, 0.00, 0.09, 0.00, 0.00, 0.00, 0.00, 0.38, 0.00, 0.00, 0.55, 0.69, 0.00, 0.00, 0.83, 0.00, 0.00, 0.00, 0.00, 1.00, 0.00, 0.00, 1.00, 0.00, 0.00, 0.00, 0.00, 1.00, 0.00, 0.00, 0.00, 0.00, 0.00, 0.00, 0.00
12,  0,  1.109,  0.98,  1, 0.00, 0.00, 0.15, 0.00, 0.00, 0.00, 0.00, 0.42, 0.00, 0.00, 0.53, 0.65, 0.01, 0.00, 0.83, 0.00, 0.00, 0.00, 0.00, 1.00, 0.00, 0.00, 1.00, 0.00, 0.00, 0.00, 0.00, 0.00, 0.00, 0.00, 0.00, 0.00, 0.00, 0.00, 0.00
13,  0,  1.209,  0.98,  1, 0.00, 0.00, 0.14, 0.00, 0.00, 0.00, 0.00, 0.52, 0.00, 0.00, 0.42, 0.64, 0.01, 0.00, 0.72, 0.00, 0.00, 0.00, 0.00, 1.00, 0.00, 0.00, 1.00, 0.00, 0.00, 0.00, 0.00, 0.00, 0.00, 0.00, 0.00, 0.00, 0.00, 0.00, 0.00
14,  0,  1.310,  0.98,  1, 0.00, 0.00, 0.12, 0.00, 0.00, 0.00, 0.00, 0.54, 0.00, 0.00, 0.23, 0.65, 0.01, 0.00, 0.74, 0.00, 0.06, 0.00, 0.00, 1.00, 0.00, 0.00, 1.00, 0.00, 0.00, 0.00, 0.00, 0.00, 0.00, 0.00, 0.00, 0.00, 0.00, 0.00, 0.00
15,  0,  1.411,  0.98,  1, 0.00, 0.00, 0.09, 0.00, 0.00, 0.00, 0.00, 0.52, 0.00, 0.00, 0.09, 0.58, 0.00, 0.00, 0.77, 0.00, 0.09, 0.00, 0.00, 1.00, 0.00, 0.00, 1.00, 0.00, 0.00, 0.00, 0.00, 0.00, 0.00, 0.00, 0.00, 0.00, 0.00, 0.00, 0.00
16,  0,  1.512,  0.98,  1, 0.00, 0.00, 0.17, 0.00, 0.00, 0.00, 0.00, 0.50, 0.00, 0.00, 0.07, 0.55, 0.00, 0.00, 0.81, 0.00, 0.17, 0.00, 0.00, 1.00, 0.00, 0.00, 1.00, 0.00, 0.00, 0.00, 0.00, 0.00, 0.00, 0.00, 0.00, 0.00, 0.00, 0.00, 0.00
17,  0,  1.613,  0.98,  1, 0.00, 0.00, 0.27, 0.00, 0.00, 0.00, 0.00, 0.57, 0.00, 0.00, 0.07, 0.51, 0.00, 0.00, 0.74, 0.00, 0.11, 0.00, 0.00, 1.00, 0.00, 0.00, 1.00, 0.00, 0.00, 0.00, 0.00, 0.00, 0.00, 0.00, 0.00, 0.00, 0.00, 0.00, 0.00
18,  0,  1.713,  0.98,  1, 0.00, 0.00, 0.39, 0.00, 0.00, 0.02, 0.00, 0.64, 0.00, 0.00, 0.06, 0.48, 0.00, 0.00, 0.70, 0.00, 0.11, 0.00, 0.00, 1.00, 0.00, 0.00, 1.00, 0.00, 0.00, 0.00, 0.00, 0.00, 0.00, 0.00, 0.00, 0.00, 0.00, 0.00, 0.00
19,  0,  1.814,  0.98,  1, 0.00, 0.00, 0.35, 0.00, 0.00, 0.02, 0.00, 0.64, 0.00, 0.00, 0.13, 0.52, 0.00, 0.00, 0.73, 0.00, 0.09, 0.00, 0.00, 1.00, 0.00, 0.00, 1.00, 0.00, 0.00, 0.00, 0.00, 0.00, 0.00, 0.00, 0.00, 0.00, 0.00, 0.00, 0.00
20,  0,  1.915,  0.98,  1, 0.00, 0.00, 0.29, 0.00, 0.00, 0.02, 0.00, 0.64, 0.00, 0.00, 0.27, 0.63, 0.00, 0.00, 0.65, 0.00, 0.17, 0.00, 0.00, 1.00, 0.00, 0.00, 1.00, 0.00, 0.00, 0.00, 0.00, 0.00, 0.00, 0.00, 0.00, 0.00, 0.00, 0.00, 0.00
21,  0,  2.016,  0.98,  1, 0.00, 0.00, 0.13, 0.00, 0.00, 0.00, 0.01, 0.70, 0.00, 0.00, 0.36, 0.73, 0.00, 0.00, 0.70, 0.00, 0.22, 0.00, 0.00, 1.00, 0.00, 0.00, 1.00, 0.00, 0.00, 0.00, 0.00, 0.00, 0.00, 0.00, 0.00, 0.00, 0.00, 0.00, 0.00
22,  0,  2.116,  0.98,  1, 0.00, 0.00, 0.13, 0.00, 0.00, 0.00, 0.01, 0.73, 0.00, 0.00, 0.40, 0.66, 0.00, 0.00, 0.74, 0.00, 0.51, 0.00, 0.00, 1.00, 0.00, 0.00, 1.00, 0.00, 0.00, 0.00, 0.00, 0.00, 0.00, 0.00, 0.00, 0.00, 0.00, 0.00, 0.00
23,  0,  2.217,  0.98,  1, 0.00, 0.00, 0.15, 0.00, 0.00, 0.00, 0.01, 0.75, 0.00, 0.00, 0.38, 0.51, 0.00, 0.00, 0.84, 0.00, 0.56, 0.00, 0.00, 1.00, 0.00, 0.00, 1.00, 0.00, 0.00, 0.00, 0.00, 0.00, 0.00, 0.00, 0.00, 0.00, 0.00, 0.00, 0.00
24,  0,  2.318,  0.98,  1, 0.00, 0.00, 0.19, 0.00, 0.00, 0.00, 0.00, 0.68, 0.00, 0.00, 0.35, 0.45, 0.04, 0.00, 0.81, 0.00, 0.60, 0.00, 0.00, 1.00, 0.00, 0.00, 1.00, 0.00, 0.00, 0.00, 0.00, 0.00, 0.00, 0.00, 0.00, 0.00, 0.00, 0.00, 0.00
25,  0,  2.419,  0.98,  1, 0.00, 0.00, 0.13, 0.00, 0.00, 0.00, 0.00, 0.57, 0.00, 0.00, 0.41, 0.51, 0.04, 0.00, 0.67, 0.00, 0.39, 0.00, 0.00, 1.00, 0.00, 0.00, 1.00, 0.00, 0.00, 0.00, 0.00, 0.00, 0.00, 0.00, 0.00, 0.00, 0.00, 0.00, 0.00
26,  0,  2.520,  0.98,  1, 0.00, 0.00, 0.06, 0.00, 0.00, 0.00, 0.00, 0.56, 0.00, 0.00, 0.56, 0.70, 0.04, 0.00, 0.57, 0.00, 0.26, 0.00, 0.00, 1.00, 0.00, 0.00, 1.00, 0.00, 0.00, 0.00, 0.00, 0.00, 0.00, 0.00, 0.00, 0.00, 0.00, 0.00, 0.00
27,  0,  2.620,  0.98,  1, 0.00, 0.00, 0.09, 0.00, 0.00, 0.00, 0.00, 0.57, 0.00, 0.00, 0.45, 0.95, 0.16, 0.00, 0.49, 0.00, 0.22, 0.00, 0.00, 1.00, 0.00, 0.00, 1.00, 0.00, 0.00, 0.00, 0.00, 0.00, 0.00, 0.00, 0.00, 0.00, 0.00, 0.00, 0.00
28,  0,  2.721,  0.98,  1, 0.00, 0.00, 0.15, 0.00, 0.00, 0.00, 0.00, 0.59, 0.00, 0.00, 0.33, 1.18, 0.62, 0.00, 0.48, 0.00, 0.09, 0.00, 0.00, 1.00, 0.00, 0.00, 1.00, 0.00, 0.00, 0.00, 0.00, 0.00, 0.00, 0.00, 1.00, 0.00, 0.00, 0.00, 0.00
29,  0,  2.822,  0.98,  1, 0.00, 0.00, 0.24, 0.00, 0.00, 0.02, 0.00, 0.63, 0.00, 0.00, 0.07, 1.13, 0.83, 0.02, 0.42, 0.19, 0.09, 0.00, 0.00, 1.00, 0.00, 0.00, 1.00, 0.00, 0.00, 0.00, 0.00, 0.00, 0.00, 0.00, 1.00, 0.00, 0.00, 0.00, 0.00
30,  0,  2.923,  0.98,  1, 0.00, 0.00, 0.23, 0.00, 0.00, 0.02, 0.00, 0.65, 0.00, 0.00, 0.07, 0.93, 0.97, 0.02, 0.40, 0.25, 0.00, 0.00, 0.00, 1.00, 0.00, 0.00, 1.00, 0.00, 0.00, 0.00, 0.00, 0.00, 0.00, 1.00, 1.00, 0.00, 0.00, 0.00, 0.00
31,  0,  3.024,  0.98,  1, 0.00, 0.00, 0.21, 0.00, 0.00, 0.02, 0.00, 0.61, 0.00, 0.00, 0.00, 0.57, 0.96, 0.02, 0.36, 0.29, 0.00, 0.00, 0.00, 1.00, 0.00, 0.00, 1.00, 0.00, 0.00, 0.00, 0.00, 0.00, 0.00, 1.00, 1.00, 0.00, 0.00, 0.00, 0.00
32,  0,  3.124,  0.98,  1, 0.00, 0.00, 0.17, 0.00, 0.00, 0.00, 0.00, 0.51, 0.00, 0.00, 0.00, 0.29, 1.00, 0.00, 0.41, 0.10, 0.00, 0.00, 0.00, 1.00, 0.00, 0.00, 1.00, 0.00, 0.00, 0.00, 0.00, 0.00, 0.00, 1.00, 1.00, 0.00, 0.00, 0.00, 0.00
33,  0,  3.225,  0.98,  1, 0.00, 0.00, 0.14, 0.00, 0.00, 0.00, 0.00, 0.43, 0.00, 0.11, 0.00, 0.08, 0.95, 0.00, 0.36, 0.04, 0.00, 0.00, 0.00, 1.00, 0.00, 0.00, 1.00, 0.00, 0.00, 0.00, 0.00, 0.00, 0.00, 1.00, 0.00, 0.00, 0.00, 0.00, 0.00
34,  0,  3.326,  0.98,  1, 0.00, 0.00, 0.15, 0.00, 0.00, 0.00, 0.00, 0.50, 0.00, 0.16, 0.00, 0.00, 0.83, 0.00, 0.32, 0.00, 0.00, 0.00, 0.00, 1.00, 0.00, 0.00, 1.00, 0.00, 0.00, 0.00, 0.00, 0.00, 0.00, 1.00, 0.00, 0.00, 0.00, 0.00, 0.00
35,  0,  3.427,  0.98,  1, 0.00, 0.00, 0.09, 0.00, 0.00, 0.00, 0.00, 0.53, 0.00, 0.16, 0.00, 0.00, 0.88, 0.00, 0.33, 0.00, 0.00, 0.00, 0.00, 1.00, 0.00, 0.00, 1.00, 0.00, 0.00, 0.00, 0.00, 0.00, 0.00, 1.00, 0.00, 0.00, 0.00, 0.00, 0.00
36,  0,  3.527,  0.98,  1, 0.00, 0.00, 0.07, 0.00, 0.00, 0.00, 0.00, 0.54, 0.00, 0.09, 0.00, 0.00, 0.99, 0.00, 0.31, 0.00, 0.00, 0.00, 0.00, 1.00, 0.00, 0.00, 1.00, 0.00, 0.00, 0.00, 0.00, 0.00, 0.00, 1.00, 0.00, 0.00, 0.00, 0.00, 0.00
37,  0,  3.628,  0.98,  1, 0.00, 0.00, 0.10, 0.00, 0.00, 0.00, 0.00, 0.60, 0.00, 0.16, 0.00, 0.00, 0.95, 0.00, 0.38, 0.00, 0.00, 0.00, 0.00, 1.00, 0.00, 0.00, 1.00, 0.00, 0.00, 0.00, 0.00, 0.00, 0.00, 1.00, 0.00, 0.00, 0.00, 0.00, 0.00
38,  0,  3.729,  0.98,  1, 0.00, 0.00, 0.09, 0.00, 0.00, 0.00, 0.00, 0.69, 0.00, 0.39, 0.00, 0.00, 0.97, 0.00, 0.40, 0.00, 0.00, 0.00, 0.00, 1.00, 0.00, 0.00, 1.00, 0.00, 1.00, 0.00, 0.00, 0.00, 0.00, 1.00, 0.00, 0.00, 0.00, 0.00, 0.00
39,  0,  3.830,  0.98,  1, 0.00, 0.00, 0.09, 0.00, 0.00, 0.01, 0.01, 0.77, 0.00, 0.61, 0.00, 0.00, 1.02, 0.00, 0.41, 0.00, 0.00, 0.00, 0.00, 1.00, 0.00, 0.00, 1.00, 0.00, 1.00, 0.00, 0.00, 0.00, 0.00, 1.00, 0.00, 0.00, 0.00, 0.00, 0.00
40,  0,  3.931,  0.98,  1, 0.00, 0.00, 0.00, 0.00, 0.04, 0.01, 0.01, 0.88, 0.00, 0.76, 0.00, 0.00, 1.08, 0.00, 0.31, 0.00, 0.00, 0.00, 0.00, 1.00, 0.00, 0.00, 1.00, 0.00, 1.00, 0.00, 0.00, 0.00, 0.00, 1.00, 0.00, 0.00, 0.00, 0.00, 0.00
41,  0,  4.031,  0.98,  1, 0.00, 0.00, 0.00, 0.00, 0.05, 0.01, 0.03, 0.93, 0.00, 0.73, 0.00, 0.00, 1.06, 0.00, 0.22, 0.00, 0.00, 0.00, 0.00, 1.00, 0.00, 0.00, 1.00, 0.00, 1.00, 0.00, 0.00, 0.00, 0.00, 1.00, 0.00, 0.00, 0.00, 0.00, 0.00
42,  0,  4.132,  0.98,  1, 0.00, 0.00, 0.00, 0.00, 0.05, 0.00, 0.10, 1.05, 0.00, 0.61, 0.00, 0.00, 0.98, 0.00, 0.18, 0.00, 0.00, 0.00, 0.00, 1.00, 0.00, 0.00, 1.00, 0.00, 1.00, 0.00, 0.00, 0.00, 0.00, 1.00, 0.00, 0.00, 0.00, 0.00, 0.00
43,  0,  4.233,  0.98,  1, 0.00, 0.00, 0.00, 0.00, 0.04, 0.09, 0.25, 0.97, 0.00, 0.38, 0.00, 0.00, 0.84, 0.00, 0.26, 0.00, 0.00, 0.00, 0.00, 1.00, 0.00, 0.00, 1.00, 0.00, 1.00, 0.00, 0.00, 0.00, 0.00, 1.00, 0.00, 0.00, 0.00, 0.00, 0.00
44,  0,  4.334,  0.98,  1, 0.00, 0.00, 0.00, 0.00, 0.03, 0.18, 0.32, 1.05, 0.00, 0.23, 0.00, 0.00, 0.74, 0.00, 0.24, 0.00, 0.00, 0.00, 0.00, 1.00, 0.00, 0.00, 1.00, 0.00, 1.00, 0.00, 0.00, 0.00, 0.00, 1.00, 0.00, 0.00, 0.00, 0.00, 0.00
45,  0,  4.434,  0.98,  1, 0.00, 0.00, 0.00, 0.00, 0.06, 0.21, 0.36, 1.02, 0.00, 0.19, 0.00, 0.00, 0.65, 0.00, 0.21, 0.00, 0.00, 0.00, 0.00, 1.00, 0.00, 0.00, 1.00, 0.00, 1.00, 0.00, 0.00, 0.00, 0.00, 0.00, 0.00, 0.00, 0.00, 0.00, 0.00
46,  0,  4.535,  0.98,  1, 0.00, 0.00, 0.00, 0.00, 0.03, 0.16, 0.39, 1.17, 0.00, 0.16, 0.00, 0.00, 0.62, 0.00, 0.19, 0.00, 0.00, 0.00, 0.00, 1.00, 0.00, 0.00, 1.00, 0.00, 1.00, 0.00, 0.00, 0.00, 0.00, 0.00, 0.00, 0.00, 0.00, 0.00, 0.00
47,  0,  4.636,  0.98,  1, 0.00, 0.00, 0.00, 0.00, 0.04, 0.15, 0.36, 1.24, 0.01, 0.16, 0.00, 0.02, 0.63, 0.00, 0.53, 0.00, 0.00, 0.00, 0.00, 1.00, 0.00, 0.00, 1.00, 1.00, 1.00, 0.00, 0.00, 0.00, 0.00, 0.00, 0.00, 1.00, 0.00, 0.00, 0.00
48,  0,  4.737,  0.98,  1, 0.00, 0.00, 0.00, 0.00, 0.03, 0.27, 0.38, 1.34, 0.01, 0.13, 0.00, 0.02, 0.50, 0.00, 0.95, 0.00, 0.00, 0.00, 0.00, 1.00, 0.00, 0.00, 1.00, 1.00, 1.00, 0.00, 0.00, 0.00, 0.00, 0.00, 0.00, 1.00, 0.00, 0.00, 0.00
49,  0,  4.838,  0.98,  1, 0.00, 0.00, 0.00, 0.00, 0.08, 0.35, 0.35, 1.37, 0.01, 0.20, 0.00, 0.02, 0.38, 0.00, 1.30, 0.00, 0.00, 0.00, 0.00, 1.00, 0.00, 0.00, 1.00, 1.00, 1.00, 0.00, 0.00, 0.00, 0.00, 0.00, 0.00, 1.00, 0.00, 0.00, 0.00
50,  0,  4.938,  0.98,  1, 0.00, 0.00, 0.00, 0.00, 0.13, 0.33, 0.45, 1.36, 0.00, 0.22, 0.00, 0.00, 0.30, 0.00, 1.34, 0.00, 0.00, 0.00, 0.00, 1.00, 0.00, 0.00, 1.00, 1.00, 1.00, 0.00, 0.00, 0.00, 0.00, 0.00, 0.00, 1.00, 0.00, 0.00, 0.00
51,  0,  5.039,  0.98,  1, 0.00, 0.00, 0.00, 0.00, 0.11, 0.34, 0.39, 1.34, 0.00, 0.21, 0.00, 0.00, 0.30, 0.00, 1.35, 0.00, 0.00, 0.00, 0.00, 1.00, 0.00, 0.00, 1.00, 1.00, 1.00, 0.00, 0.00, 0.00, 0.00, 0.00, 0.00, 1.00, 0.00, 0.00, 0.00
52,  0,  5.140,  0.98,  1, 0.00, 0.00, 0.00, 0.00, 0.13, 0.36, 0.38, 1.37, 0.02, 0.29, 0.00, 0.04, 0.33, 0.00, 1.36, 0.00, 0.00, 0.00, 0.00, 1.00, 0.00, 0.00, 1.00, 1.00, 1.00, 0.00, 0.00, 0.00, 0.00, 0.00, 0.00, 1.00, 0.00, 0.00, 0.00
53,  0,  5.241,  0.98,  1, 0.00, 0.00, 0.00, 0.00, 0.15, 0.33, 0.31, 1.39, 0.04, 0.36, 0.00, 0.06, 0.34, 0.00, 1.33, 0.00, 0.00, 0.00, 0.00, 1.00, 0.00, 0.00, 1.00, 1.00, 1.00, 0.00, 0.00, 0.00, 0.00, 0.00, 0.00, 1.00, 0.00, 0.00, 0.00
54,  0,  5.342,  0.98,  1, 0.00, 0.00, 0.00, 0.00, 0.23, 0.24, 0.42, 1.42, 0.08, 0.44, 0.00, 0.12, 0.36, 0.00, 1.19, 0.00, 0.00, 0.00, 0.00, 1.00, 0.00, 0.00, 1.00, 1.00, 1.00, 0.00, 0.00, 0.00, 0.00, 0.00, 0.00, 1.00, 0.00, 0.00, 0.00
55,  0,  5.442,  0.98,  1, 0.00, 0.00, 0.02, 0.35, 0.27, 0.15, 0.33, 1.42, 0.07, 0.41, 0.00, 0.08, 0.40, 0.00, 0.99, 0.00, 0.47, 0.00, 0.00, 1.00, 0.00, 0.00, 1.00, 0.00, 1.00, 0.00, 0.00, 0.00, 0.00, 0.00, 0.00, 1.00, 0.00, 0.00, 0.00
56,  0,  5.543,  0.98,  1, 0.00, 0.00, 0.07, 0.69, 0.26, 0.11, 0.26, 1.30, 0.07, 0.41, 0.00, 0.06, 0.51, 0.00, 0.79, 0.00, 1.09, 0.00, 0.00, 1.00, 0.00, 0.00, 1.00, 0.00, 1.00, 0.00, 0.00, 0.00, 0.00, 0.00, 0.00, 1.00, 0.00, 0.00, 1.00
57,  0,  5.644,  0.98,  1, 0.00, 0.00, 0.13, 0.83, 0.19, 0.04, 0.12, 1.21, 0.03, 0.46, 0.00, 0.00, 0.46, 0.00, 0.68, 0.00, 1.45, 0.00, 0.00, 1.00, 0.00, 0.00, 1.00, 0.00, 1.00, 0.00, 0.00, 0.00, 0.00, 0.00, 0.00, 1.00, 0.00, 0.00, 1.00
58,  0,  5.745,  0.98,  1, 0.00, 0.00, 0.18, 0.47, 0.16, 0.01, 0.08, 1.11, 0.04, 0.46, 0.00, 0.00, 0.39, 0.00, 0.62, 0.04, 1.34, 0.00, 0.00, 1.00, 0.00, 0.00, 1.00, 0.00, 1.00, 0.00, 0.00, 0.00, 0.00, 0.00, 0.00, 1.00, 0.00, 0.00, 1.00
59,  0,  5.845,  0.98,  1, 0.00, 0.00, 0.18, 0.13, 0.14, 0.19, 0.05, 1.20, 0.06, 0.45, 0.00, 0.04, 0.13, 0.00, 0.56, 0.35, 0.86, 0.00, 0.00, 1.00, 0.00, 0.00, 1.00, 0.00, 1.00, 0.00, 0.00, 0.00, 0.00, 0.00, 0.00, 1.00, 1.00, 0.00, 1.00
60,  0,  5.946,  0.98,  1, 0.00, 0.00, 0.21, 0.00, 0.11, 0.37, 0.03, 1.15, 0.06, 0.45, 0.00, 0.04, 0.06, 0.00, 0.51, 0.77, 0.55, 0.00, 0.00, 1.00, 0.00, 0.00, 1.00, 0.00, 1.00, 0.00, 0.00, 0.00, 0.00, 0.00, 0.00, 1.00, 1.00, 0.00, 1.00
61,  0,  6.047,  0.98,  1, 0.00, 0.00, 0.37, 0.00, 0.04, 0.57, 0.01, 1.09, 0.03, 0.54, 0.00, 0.04, 0.00, 0.00, 0.56, 1.18, 0.20, 0.00, 0.00, 1.00, 0.00, 0.00, 1.00, 0.00, 1.00, 0.00, 0.00, 0.00, 0.00, 0.00, 0.00, 1.00, 1.00, 0.00, 1.00
62,  0,  6.148,  0.98,  1, 0.00, 0.00, 0.45, 0.00, 0.01, 0.46, 0.01, 0.94, 0.00, 0.76, 0.00, 0.00, 0.00, 0.00, 0.72, 1.38, 0.05, 0.00, 0.00, 1.00, 0.00, 0.00, 1.00, 0.00, 1.00, 0.00, 0.00, 0.00, 0.00, 0.00, 0.00, 1.00, 1.00, 0.00, 0.00
63,  0,  6.249,  0.98,  1, 0.00, 0.00, 0.51, 0.00, 0.09, 0.36, 0.00, 0.97, 0.00, 0.93, 0.00, 0.10, 0.00, 0.00, 0.93, 0.96, 0.00, 0.00, 0.00, 1.00, 0.00, 0.00, 1.00, 0.00, 1.00, 0.00, 0.00, 0.00, 0.00, 0.00, 0.00, 1.00, 1.00, 0.00, 0.00
64,  0,  6.349,  0.98,  1, 0.00, 0.00, 0.36, 0.00, 0.17, 0.21, 0.02, 1.22, 0.01, 1.15, 0.00, 0.20, 0.00, 0.00, 0.75, 0.51, 0.04, 0.00, 0.00, 1.00, 0.00, 0.00, 1.00, 0.00, 1.00, 0.00, 0.00, 0.00, 0.00, 0.00, 0.00, 1.00, 0.00, 0.00, 0.00
65,  0,  6.450,  0.98,  1, 0.00, 0.00, 0.32, 0.00, 0.35, 0.15, 0.13, 1.45, 0.03, 1.20, 0.00, 0.28, 0.28, 0.00, 0.55, 0.00, 0.04, 0.00, 0.00, 1.00, 0.00, 0.00, 1.00, 0.00, 1.00, 0.00, 0.00, 0.00, 0.00, 0.00, 0.00, 0.00, 0.00, 0.00, 0.00
66,  0,  6.551,  0.98,  1, 0.00, 0.00, 0.21, 0.00, 0.45, 0.07, 0.23, 1.62, 0.12, 1.21, 0.00, 0.24, 0.44, 0.00, 0.25, 0.00, 0.04, 0.00, 0.00, 1.00, 0.00, 0.00, 1.00, 0.00, 1.00, 0.00, 1.00, 0.00, 0.00, 0.00, 0.00, 0.00, 0.00, 0.00, 0.00
67,  0,  6.652,  0.98,  1, 0.00, 0.00, 0.16, 0.00, 0.57, 0.13, 0.29, 1.49, 0.19, 1.24, 0.00, 0.21, 0.64, 0.00, 0.21, 0.00, 0.00, 0.00, 0.00, 1.00, 0.00, 0.00, 1.00, 1.00, 1.00, 1.00, 1.00, 0.00, 0.00, 0.00, 0.00, 0.00, 0.00, 0.00, 0.00
68,  0,  6.752,  0.98,  1, 0.00, 0.00, 0.08, 0.00, 0.55, 0.21, 0.31, 1.47, 0.23, 1.18, 0.00, 0.14, 0.47, 0.00, 0.13, 0.00, 0.00, 0.00, 0.00, 1.00, 0.00, 0.00, 1.00, 1.00, 1.00, 1.00, 1.00, 0.00, 0.00, 0.00, 0.00, 0.00, 0.00, 0.00, 0.00
69,  0,  6.853,  0.98,  1, 0.00, 0.00, 0.02, 0.00, 0.49, 0.28, 0.34, 1.40, 0.24, 1.08, 0.00, 0.09, 0.40, 0.01, 0.08, 0.00, 0.00, 0.00, 0.00, 1.00, 0.00, 0.00, 1.00, 1.00, 1.00, 1.00, 1.00, 0.00, 0.00, 0.00, 0.00, 0.00, 0.00, 0.00, 0.00
70,  0,  6.954,  0.98,  1, 0.00, 0.00, 0.00, 0.00, 0.41, 0.17, 0.43, 1.45, 0.24, 0.86, 0.01, 0.02, 0.21, 0.01, 0.09, 0.00, 0.00, 0.00, 0.00, 0.00, 0.00, 0.00, 1.00, 1.00, 1.00, 1.00, 1.00, 0.00, 0.00, 0.00, 0.00, 0.00, 0.00, 0.00, 0.00
71,  0,  7.055,  0.98,  1, 0.00, 0.00, 0.00, 0.00, 0.38, 0.09, 0.43, 1.44, 0.30, 0.69, 0.01, 0.00, 0.23, 0.01, 0.17, 0.00, 0.00, 0.00, 0.00, 0.00, 0.00, 0.00, 1.00, 1.00, 1.00, 1.00, 0.00, 0.00, 0.00, 0.00, 0.00, 0.00, 0.00, 0.00, 0.00
72,  0,  7.156,  0.98,  1, 0.00, 0.00, 0.00, 0.00, 0.39, 0.07, 0.47, 1.45, 0.31, 0.67, 0.01, 0.00, 0.26, 0.00, 0.17, 0.00, 0.00, 0.00, 0.00, 0.00, 0.00, 0.00, 1.00, 1.00, 1.00, 1.00, 0.00, 0.00, 0.00, 0.00, 0.00, 0.00, 0.00, 0.00, 0.00
73,  0,  7.256,  0.98,  1, 0.00, 0.00, 0.00, 0.00, 0.42, 0.17, 0.52, 1.43, 0.34, 0.62, 0.00, 0.00, 0.43, 0.00, 0.15, 0.00, 0.00, 0.00, 0.00, 0.00, 0.00, 0.00, 1.00, 1.00, 1.00, 1.00, 0.00, 0.00, 0.00, 0.00, 0.00, 0.00, 0.00, 0.00, 0.00
74,  0,  7.357,  0.98,  1, 0.00, 0.00, 0.00, 0.00, 0.44, 0.28, 0.65, 1.42, 0.29, 0.62, 0.09, 0.00, 0.58, 0.02, 0.14, 0.00, 0.00, 0.00, 0.00, 0.00, 0.00, 0.00, 1.00, 1.00, 1.00, 1.00, 0.00, 0.00, 0.00, 0.00, 0.00, 0.00, 0.00, 0.00, 0.00
75,  0,  7.458,  0.98,  1, 0.00, 0.00, 0.00, 0.00, 0.47, 0.25, 0.70, 1.45, 0.26, 0.63, 0.23, 0.01, 0.83, 0.02, 0.16, 0.00, 0.00, 0.00, 0.00, 0.00, 0.00, 0.00, 1.00, 1.00, 1.00, 1.00, 0.00, 0.00, 0.00, 0.00, 0.00, 0.00, 0.00, 0.00, 0.00
76,  0,  7.559,  0.98,  1, 0.00, 0.00, 0.01, 0.00, 0.45, 0.23, 0.71, 1.45, 0.21, 0.62, 0.26, 0.02, 0.94, 0.02, 0.23, 0.00, 0.00, 0.00, 0.00, 0.00, 0.00, 0.00, 1.00, 1.00, 1.00, 1.00, 0.00, 0.00, 0.00, 0.00, 0.00, 0.00, 0.00, 0.00, 0.00
77,  0,  7.660,  0.98,  1, 0.00, 0.00, 0.01, 0.00, 0.46, 0.39, 0.71, 1.44, 0.22, 0.68, 0.22, 0.09, 0.96, 0.03, 0.25, 0.00, 0.00, 0.00, 0.00, 0.00, 0.00, 0.00, 1.00, 1.00, 1.00, 1.00, 0.00, 0.00, 0.00, 0.00, 1.00, 0.00, 0.00, 0.00, 0.00
78,  0,  7.760,  0.98,  1, 0.00, 0.00, 0.01, 0.00, 0.42, 0.56, 0.82, 1.37, 0.23, 0.69, 0.20, 0.11, 0.87, 0.09, 0.30, 0.00, 0.00, 0.00, 0.00, 0.00, 0.00, 0.00, 1.00, 1.00, 1.00, 1.00, 1.00, 0.00, 0.00, 0.00, 1.00, 0.00, 0.00, 0.00, 0.00
79,  0,  7.861,  0.98,  1, 0.00, 0.00, 0.00, 0.07, 0.43, 0.59, 0.94, 1.35, 0.22, 0.82, 0.31, 0.23, 0.79, 0.09, 0.26, 0.00, 0.00, 0.00, 0.00, 1.00, 0.00, 0.00, 1.00, 1.00, 1.00, 1.00, 1.00, 0.00, 0.00, 0.00, 1.00, 0.00, 0.00, 0.00, 0.00
80,  0,  7.962,  0.98,  1, 0.00, 0.00, 0.00, 0.08, 0.33, 0.59, 0.95, 1.29, 0.17, 0.86, 0.54, 0.35, 0.64, 0.07, 0.18, 0.00, 0.00, 0.00, 0.00, 1.00, 0.00, 0.00, 1.00, 1.00, 1.00, 1.00, 0.00, 0.00, 0.00, 0.00, 1.00, 0.00, 0.00, 0.00, 0.00
81,  0,  8.063,  0.98,  1, 0.00, 0.00, 0.00, 0.08, 0.39, 0.46, 0.95, 1.30, 0.15, 0.67, 0.63, 0.45, 0.52, 0.03, 0.08, 0.00, 0.00, 0.00, 0.00, 1.00, 0.00, 0.00, 1.00, 1.00, 1.00, 1.00, 0.00, 0.00, 1.00, 0.00, 1.00, 0.00, 0.00, 0.00, 0.00
82,  0,  8.163,  0.98,  1, 0.00, 0.00, 0.00, 0.04, 0.44, 0.43, 0.89, 1.32, 0.19, 0.45, 0.89, 0.56, 0.54, 0.03, 0.03, 0.00, 0.00, 0.00, 0.00, 1.00, 0.00, 0.00, 1.00, 1.00, 1.00, 0.00, 1.00, 0.00, 1.00, 0.00, 1.00, 0.00, 0.00, 0.00, 0.00
83,  0,  8.264,  0.98,  1, 0.00, 0.00, 0.00, 0.31, 0.51, 0.16, 0.79, 1.34, 0.17, 0.18, 0.81, 0.59, 0.60, 0.02, 0.02, 0.00, 0.22, 0.00, 0.00, 1.00, 0.00, 0.00, 1.00, 1.00, 1.00, 0.00, 1.00, 0.00, 1.00, 0.00, 1.00, 0.00, 0.00, 0.00, 0.00
84,  0,  8.365,  0.98,  1, 0.00, 0.00, 0.00, 0.52, 0.54, 0.09, 0.73, 1.36, 0.12, 0.33, 0.81, 0.59, 0.69, 0.00, 0.05, 0.00, 0.82, 0.00, 0.00, 1.00, 0.00, 1.00, 1.00, 1.00, 1.00, 0.00, 1.00, 0.00, 1.00, 0.00, 1.00, 0.00, 0.00, 0.00, 1.00
85,  0,  8.466,  0.98,  1, 0.00, 0.00, 0.00, 0.91, 0.59, 0.00, 0.61, 1.29, 0.03, 0.51, 0.70, 0.54, 0.70, 0.01, 0.10, 0.00, 1.38, 0.00, 0.00, 1.00, 0.00, 1.00, 1.00, 1.00, 1.00, 0.00, 1.00, 0.00, 1.00, 0.00, 1.00, 0.00, 0.00, 0.00, 1.00
86,  0,  8.567,  0.98,  1, 0.00, 0.00, 0.00, 0.97, 0.67, 0.00, 0.67, 1.24, 0.01, 0.89, 0.77, 0.48, 0.62, 0.01, 0.16, 0.00, 1.54, 0.00, 0.00, 1.00, 0.00, 1.00, 1.00, 1.00, 1.00, 0.00, 1.00, 0.00, 1.00, 0.00, 1.00, 0.00, 0.00, 0.00, 1.00
87,  0,  8.667,  0.98,  1, 0.00, 0.00, 0.00, 0.89, 0.59, 0.00, 0.52, 1.22, 0.00, 0.99, 0.95, 0.78, 0.45, 0.08, 0.12, 0.26, 0.94, 0.00, 0.00, 1.00, 0.00, 0.00, 1.00, 1.00, 1.00, 0.00, 1.00, 0.00, 1.00, 0.00, 0.00, 0.00, 0.00, 0.00, 1.00
88,  0,  8.768,  0.98,  1, 0.00, 0.00, 0.31, 0.47, 0.45, 0.00, 0.52, 0.99, 0.00, 1.16, 0.84, 1.06, 0.38, 0.08, 0.08, 0.81, 0.38, 0.00, 0.00, 1.00, 0.00, 0.00, 1.00, 1.00, 1.00, 0.00, 1.00, 0.00, 1.00, 0.00, 1.00, 0.00, 0.00, 0.00, 0.00
89,  0,  8.869,  0.98,  1, 0.00, 0.00, 0.66, 0.14, 0.38, 0.00, 1.01, 0.60, 0.00, 0.76, 0.65, 1.45, 0.25, 0.08, 0.00, 1.56, 0.00, 0.00, 0.00, 1.00, 0.00, 0.00, 0.00, 1.00, 0.00, 0.00, 1.00, 0.00, 1.00, 0.00, 1.00, 0.00, 0.00, 0.00, 0.00
90,  0,  8.970,  0.98,  1, 0.00, 0.00, 0.97, 0.00, 0.37, 0.00, 1.64, 0.19, 0.00, 0.43, 0.25, 1.39, 0.19, 0.32, 0.00, 2.07, 0.00, 0.00, 0.00, 1.00, 0.00, 0.00, 0.00, 1.00, 0.00, 0.00, 0.00, 0.00, 1.00, 0.00, 0.00, 0.00, 0.00, 0.00, 0.00
91,  0,  9.071,  0.98,  1, 0.00, 0.00, 0.99, 0.00, 0.31, 0.00, 2.18, 0.03, 0.00, 0.00, 0.08, 1.37, 0.00, 0.68, 0.00, 2.57, 0.00, 0.00, 0.00, 1.00, 0.00, 0.00, 0.00, 1.00, 0.00, 0.00, 0.00, 0.00, 1.00, 0.00, 0.00, 0.00, 0.00, 0.00, 0.00
92,  0,  9.171,  0.98,  1, 0.00, 0.00, 0.93, 0.00, 0.26, 0.00, 2.07, 0.08, 0.00, 0.00, 0.00, 1.30, 0.11, 0.92, 0.00, 2.72, 0.00, 0.00, 0.00, 1.00, 0.00, 0.00, 0.00, 1.00, 0.00, 0.00, 0.00, 0.00, 1.00, 0.00, 0.00, 0.00, 0.00, 0.00, 0.00
93,  0,  9.272,  0.98,  1, 0.00, 0.00, 0.83, 0.00, 0.18, 0.00, 1.66, 0.25, 0.00, 0.09, 0.04, 1.13, 0.14, 0.60, 0.06, 2.84, 0.00, 0.00, 0.00, 1.00, 0.00, 0.00, 0.00, 1.00, 0.00, 0.00, 0.00, 0.00, 0.00, 0.00, 0.00, 0.00, 0.00, 0.00, 0.00
94,  0,  9.373,  0.98,  1, 0.00, 0.00, 0.51, 0.00, 0.28, 0.00, 1.04, 0.45, 0.00, 0.31, 0.04, 0.89, 0.22, 0.38, 0.06, 2.46, 0.00, 0.00, 0.00, 1.00, 0.00, 0.00, 0.00, 1.00, 0.00, 0.00, 0.00, 0.00, 0.00, 0.00, 0.00, 0.00, 0.00, 0.00, 0.00
95,  0,  9.474,  0.98,  1, 0.00, 0.00, 0.24, 0.00, 0.45, 0.00, 0.52, 0.75, 0.00, 0.61, 0.04, 0.72, 0.11, 0.30, 0.06, 2.16, 0.00, 0.00, 1.00, 1.00, 0.00, 0.00, 0.00, 0.00, 0.00, 0.00, 1.00, 0.00, 1.00, 0.00, 0.00, 0.00, 0.00, 0.00, 0.00
96,  0,  9.574,  0.98,  1, 0.15, 0.00, 0.02, 0.00, 0.58, 0.00, 0.17, 0.84, 0.00, 0.85, 0.00, 0.85, 0.08, 0.65, 0.00, 1.84, 0.00, 0.00, 1.00, 1.00, 0.00, 0.00, 1.00, 0.00, 0.00, 0.00, 1.00, 0.00, 1.00, 0.00, 0.00, 0.00, 0.00, 0.00, 0.00
97,  0,  9.675,  0.98,  1, 0.44, 0.12, 0.01, 0.00, 0.65, 0.00, 0.08, 0.87, 0.00, 0.85, 0.00, 0.92, 0.00, 0.84, 0.00, 1.72, 0.06, 1.00, 1.00, 0.00, 0.00, 0.00, 1.00, 0.00, 0.00, 0.00, 1.00, 0.00, 0.00, 0.00, 0.00, 0.00, 0.00, 0.00, 0.00
98,  0,  9.776,  0.98,  1, 0.73, 0.16, 0.00, 0.00, 0.57, 0.00, 0.00, 0.74, 0.00, 0.80, 0.00, 1.00, 0.00, 1.08, 0.00, 1.75, 0.12, 1.00, 1.00, 0.00, 0.00, 0.00, 1.00, 0.00, 0.00, 0.00, 1.00, 0.00, 0.00, 0.00, 0.00, 0.00, 0.00, 0.00, 0.00
99,  0,  9.877,  0.98,  1, 0.85, 0.16, 0.00, 0.00, 0.50, 0.00, 0.00, 0.66, 0.00, 0.76, 0.00, 1.01, 0.00, 1.13, 0.00, 1.63, 0.12, 1.00, 1.00, 0.00, 0.00, 0.00, 1.00, 0.00, 0.00, 0.00, 1.00, 0.00, 0.00, 0.00, 0.00, 0.00, 0.00, 0.00, 0.00
100,  0,  9.978,  0.98,  1, 0.91, 0.13, 0.00, 0.00, 0.39, 0.00, 0.00, 0.62, 0.00, 0.81, 0.00, 1.00, 0.00, 1.33, 0.00, 1.43, 0.05, 1.00, 1.00, 0.00, 0.00, 0.00, 1.00, 0.00, 0.00, 0.00, 1.00, 0.00, 0.00, 0.00, 0.00, 0.00, 0.00, 0.00, 0.00
101,  0,  10.078,  0.98,  1, 0.98, 0.19, 0.00, 0.00, 0.35, 0.00, 0.00, 0.57, 0.00, 0.86, 0.00, 0.93, 0.00, 1.46, 0.00, 1.23, 0.00, 1.00, 1.00, 0.00, 0.00, 0.00, 1.00, 0.00, 0.00, 0.00, 1.00, 0.00, 0.00, 0.00, 0.00, 0.00, 0.00, 0.00, 0.00
102,  0,  10.179,  0.98,  1, 1.06, 0.30, 0.00, 0.00, 0.29, 0.00, 0.00, 0.58, 0.00, 0.91, 0.00, 0.91, 0.00, 1.64, 0.00, 1.20, 0.05, 1.00, 1.00, 0.00, 0.00, 0.00, 1.00, 0.00, 0.00, 0.00, 1.00, 0.00, 0.00, 0.00, 0.00, 0.00, 0.00, 0.00, 0.00
103,  0,  10.280,  0.98,  1, 1.19, 0.50, 0.00, 0.00, 0.28, 0.00, 0.00, 0.63, 0.00, 1.01, 0.00, 0.91, 0.00, 1.68, 0.00, 1.24, 0.05, 1.00, 1.00, 0.00, 0.00, 0.00, 1.00, 0.00, 0.00, 0.00, 1.00, 0.00, 0.00, 0.00, 0.00, 0.00, 0.00, 0.00, 0.00
104,  0,  10.381,  0.98,  1, 1.28, 0.65, 0.00, 0.00, 0.26, 0.00, 0.00, 0.62, 0.00, 1.01, 0.00, 0.93, 0.00, 1.79, 0.00, 1.32, 0.05, 1.00, 1.00, 0.00, 0.00, 0.00, 1.00, 0.00, 0.00, 0.00, 1.00, 0.00, 0.00, 0.00, 0.00, 0.00, 0.00, 0.00, 0.00
105,  0,  10.481,  0.98,  1, 1.33, 0.71, 0.00, 0.00, 0.34, 0.00, 0.00, 0.60, 0.00, 1.03, 0.00, 0.99, 0.00, 1.80, 0.00, 1.39, 0.04, 1.00, 1.00, 0.00, 0.00, 0.00, 1.00, 0.00, 0.00, 0.00, 1.00, 0.00, 0.00, 0.00, 0.00, 0.00, 0.00, 0.00, 0.00
106,  0,  10.582,  0.98,  1, 1.22, 0.58, 0.00, 0.00, 0.36, 0.00, 0.00, 0.49, 0.00, 1.06, 0.00, 1.09, 0.00, 1.88, 0.00, 1.47, 0.04, 1.00, 1.00, 0.00, 0.00, 0.00, 1.00, 0.00, 0.00, 0.00, 1.00, 0.00, 0.00, 0.00, 0.00, 0.00, 0.00, 0.00, 0.00
107,  0,  10.683,  0.98,  1, 1.14, 0.51, 0.00, 0.00, 0.37, 0.00, 0.00, 0.46, 0.00, 1.10, 0.00, 1.03, 0.00, 1.85, 0.00, 1.42, 0.04, 1.00, 1.00, 0.00, 0.00, 0.00, 1.00, 0.00, 0.00, 0.00, 1.00, 0.00, 0.00, 0.00, 0.00, 0.00, 0.00, 0.00, 0.00
108,  0,  10.784,  0.98,  1, 1.21, 0.54, 0.00, 0.00, 0.36, 0.00, 0.00, 0.37, 0.00, 0.98, 0.03, 0.96, 0.00, 1.81, 0.00, 1.45, 0.00, 1.00, 1.00, 0.00, 0.00, 0.00, 1.00, 0.00, 0.00, 0.00, 1.00, 0.00, 1.00, 0.00, 0.00, 0.00, 0.00, 0.00, 0.00
109,  0,  10.885,  0.98,  1, 1.35, 0.59, 0.00, 0.00, 0.35, 0.08, 0.00, 0.29, 0.00, 0.75, 0.03, 0.89, 0.00, 1.72, 0.00, 1.32, 0.13, 1.00, 1.00, 0.00, 0.00, 0.00, 1.00, 0.00, 0.00, 0.00, 1.00, 0.00, 1.00, 0.00, 0.00, 0.00, 0.00, 0.00, 0.00
110,  0,  10.985,  0.98,  1, 1.52, 0.63, 0.01, 0.00, 0.23, 0.16, 0.00, 0.15, 0.00, 0.41, 0.16, 1.01, 0.07, 1.56, 0.00, 1.18, 0.13, 1.00, 1.00, 0.00, 0.00, 0.00, 1.00, 0.00, 0.00, 0.00, 1.00, 0.00, 1.00, 0.00, 0.00, 0.00, 0.00, 0.00, 0.00
111,  0,  11.086,  0.98,  1, 1.57, 0.59, 0.01, 0.05, 0.14, 0.27, 0.00, 0.07, 0.00, 0.16, 0.26, 1.19, 0.33, 1.41, 0.00, 1.22, 0.13, 1.00, 1.00, 0.00, 0.00, 0.00, 1.00, 0.00, 0.00, 0.00, 1.00, 0.00, 1.00, 0.00, 0.00, 0.00, 0.00, 0.00, 0.00
112,  0,  11.187,  0.98,  1, 1.49, 0.43, 0.02, 0.05, 0.08, 0.36, 0.00, 0.06, 0.00, 0.00, 0.29, 1.25, 0.33, 0.87, 0.00, 1.42, 0.00, 1.00, 1.00, 0.00, 0.00, 0.00, 1.00, 0.00, 0.00, 0.00, 0.00, 0.00, 1.00, 0.00, 0.00, 0.00, 0.00, 0.00, 0.00
113,  0,  11.288,  0.98,  1, 0.94, 0.20, 0.10, 0.05, 0.20, 0.39, 0.00, 0.21, 0.00, 0.00, 0.22, 1.23, 0.30, 0.44, 0.00, 1.78, 0.04, 1.00, 1.00, 0.00, 0.00, 0.00, 1.00, 0.00, 0.00, 0.00, 0.00, 0.00, 1.00, 0.00, 0.00, 0.00, 0.00, 0.00, 0.00
114,  0,  11.389,  0.98,  1, 0.51, 0.03, 0.18, 0.00, 0.27, 0.27, 0.00, 0.24, 0.00, 0.00, 0.09, 1.00, 0.21, 0.05, 0.25, 2.05, 0.18, 1.00, 1.00, 1.00, 0.00, 0.00, 1.00, 0.00, 0.00, 0.00, 0.00, 0.00, 1.00, 0.00, 0.00, 0.00, 0.00, 0.00, 0.00
115,  0,  11.489,  0.98,  1, 0.58, 0.04, 0.17, 0.01, 0.23, 0.28, 0.00, 0.30, 0.00, 0.00, 0.06, 0.88, 0.46, 0.02, 0.39, 2.19, 0.18, 1.00, 1.00, 1.00, 0.00, 0.00, 1.00, 0.00, 0.00, 0.00, 0.00, 0.00, 1.00, 0.00, 0.00, 0.00, 0.00, 0.00, 0.00
116,  0,  11.590,  0.98,  1, 1.23, 0.17, 0.10, 0.06, 0.11, 0.19, 0.00, 0.35, 0.00, 0.00, 0.00, 0.62, 0.67, 0.00, 0.63, 2.08, 0.13, 1.00, 1.00, 1.00, 0.00, 0.00, 1.00, 0.00, 0.00, 0.00, 0.00, 0.00, 0.00, 0.00, 0.00, 1.00, 0.00, 0.00, 0.00
117,  0,  11.691,  0.98,  1, 1.88, 0.38, 0.03, 0.06, 0.00, 0.19, 0.00, 0.47, 0.00, 0.00, 0.00, 0.52, 0.95, 0.00, 0.69, 1.92, 0.00, 1.00, 1.00, 1.00, 0.00, 0.00, 1.00, 0.00, 0.00, 0.00, 0.00, 0.00, 0.00, 0.00, 0.00, 1.00, 0.00, 0.00, 0.00
118,  0,  11.792,  0.98,  1, 1.99, 0.51, 0.03, 0.06, 0.00, 0.01, 0.00, 0.57, 0.00, 0.01, 0.00, 0.41, 1.12, 0.00, 0.87, 1.89, 0.00, 1.00, 1.00, 1.00, 0.00, 0.00, 1.00, 0.00, 0.00, 0.00, 0.00, 0.00, 0.00, 1.00, 0.00, 1.00, 0.00, 0.00, 0.00
119,  0,  11.892,  0.98,  1, 1.91, 0.40, 0.00, 0.00, 0.00, 0.00, 0.00, 0.48, 0.00, 0.01, 0.00, 0.39, 1.19, 0.00, 1.04, 2.06, 0.00, 1.00, 1.00, 1.00, 0.00, 0.00, 1.00, 0.00, 0.00, 0.00, 0.00, 0.00, 0.00, 1.00, 0.00, 1.00, 0.00, 0.00, 0.00
120,  0,  11.993,  0.98,  1, 1.86, 0.32, 0.00, 0.00, 0.00, 0.00, 0.00, 0.44, 0.00, 0.01, 0.00, 0.36, 1.11, 0.00, 1.10, 2.03, 0.00, 1.00, 1.00, 1.00, 0.00, 0.00, 1.00, 0.00, 0.00, 0.00, 0.00, 0.00, 0.00, 1.00, 0.00, 1.00, 0.00, 0.00, 0.00
121,  0,  12.094,  0.98,  1, 2.00, 0.36, 0.00, 0.05, 0.00, 0.00, 0.00, 0.32, 0.00, 0.00, 0.00, 0.33, 0.99, 0.00, 1.15, 2.02, 0.00, 1.00, 1.00, 0.00, 0.00, 0.00, 1.00, 0.00, 0.00, 0.00, 0.00, 0.00, 0.00, 1.00, 0.00, 1.00, 0.00, 0.00, 0.00
122,  0,  12.195,  0.98,  1, 2.01, 0.51, 0.00, 0.07, 0.00, 0.00, 0.02, 0.29, 0.00, 0.00, 0.07, 0.38, 0.93, 0.00, 1.03, 1.96, 0.00, 1.00, 1.00, 0.00, 0.00, 0.00, 1.00, 0.00, 0.00, 0.00, 0.00, 0.00, 0.00, 1.00, 0.00, 1.00, 0.00, 0.00, 0.00
123,  0,  12.296,  0.98,  1, 1.95, 0.55, 0.00, 0.09, 0.00, 0.00, 0.02, 0.16, 0.00, 0.00, 0.07, 0.45, 0.85, 0.00, 1.02, 1.99, 0.00, 1.00, 1.00, 0.00, 0.00, 0.00, 1.00, 0.00, 0.00, 0.00, 0.00, 0.00, 0.00, 1.00, 0.00, 1.00, 0.00, 0.00, 0.00
124,  0,  12.396,  0.98,  1, 1.85, 0.50, 0.00, 0.04, 0.00, 0.00, 0.03, 0.08, 0.00, 0.00, 0.07, 0.45, 0.88, 0.00, 0.93, 1.92, 0.00, 1.00, 1.00, 0.00, 0.00, 0.00, 1.00, 0.00, 0.00, 0.00, 0.00, 0.00, 0.00, 1.00, 0.00, 1.00, 0.00, 0.00, 0.00
125,  0,  12.497,  0.98,  1, 1.87, 0.54, 0.00, 0.02, 0.00, 0.00, 0.02, 0.02, 0.00, 0.00, 0.00, 0.49, 0.94, 0.04, 0.87, 1.85, 0.00, 1.00, 1.00, 0.00, 0.00, 0.00, 1.00, 0.00, 0.00, 0.00, 0.00, 0.00, 0.00, 1.00, 0.00, 1.00, 0.00, 0.00, 0.00
126,  0,  12.598,  0.98,  1, 1.85, 0.48, 0.00, 0.00, 0.00, 0.00, 0.02, 0.03, 0.00, 0.00, 0.00, 0.47, 0.89, 0.08, 0.66, 1.70, 0.00, 1.00, 1.00, 0.00, 0.00, 0.00, 1.00, 0.00, 0.00, 0.00, 0.00, 0.00, 0.00, 1.00, 0.00, 0.00, 0.00, 0.00, 0.00
127,  0,  12.699,  0.98,  1, 1.91, 0.52, 0.00, 0.04, 0.00, 0.00, 0.00, 0.01, 0.00, 0.00, 0.00, 0.50, 0.83, 0.13, 0.58, 1.68, 0.00, 1.00, 1.00, 0.00, 0.00, 0.00, 1.00, 0.00, 0.00, 0.00, 0.00, 0.00, 0.00, 0.00, 0.00, 0.00, 0.00, 0.00, 0.00
128,  0,  12.800,  0.98,  1, 1.83, 0.44, 0.00, 0.04, 0.00, 0.00, 0.00, 0.01, 0.00, 0.00, 0.00, 0.42, 0.75, 0.11, 0.65, 1.63, 0.00, 1.00, 1.00, 0.00, 0.00, 0.00, 1.00, 0.00, 0.00, 0.00, 0.00, 0.00, 0.00, 0.00, 0.00, 0.00, 0.00, 0.00, 0.00
129,  0,  12.900,  0.98,  1, 1.78, 0.50, 0.00, 0.16, 0.00, 0.00, 0.00, 0.03, 0.00, 0.00, 0.00, 0.39, 0.75, 0.09, 0.73, 1.57, 0.00, 1.00, 1.00, 0.00, 0.00, 0.00, 1.00, 0.00, 0.00, 0.00, 0.00, 0.00, 0.00, 0.00, 0.00, 0.00, 0.00, 0.00, 0.00
130,  0,  13.001,  0.98,  1, 1.66, 0.49, 0.00, 0.13, 0.00, 0.00, 0.00, 0.08, 0.00, 0.00, 0.00, 0.37, 0.66, 0.08, 0.67, 1.51, 0.00, 1.00, 1.00, 0.00, 0.00, 0.00, 1.00, 0.00, 0.00, 0.00, 0.00, 0.00, 0.00, 0.00, 0.00, 0.00, 0.00, 0.00, 0.00
131,  0,  13.102,  0.98,  1, 1.61, 0.50, 0.00, 0.24, 0.00, 0.00, 0.00, 0.09, 0.00, 0.00, 0.00, 0.46, 0.60, 0.13, 0.50, 1.48, 0.00, 1.00, 1.00, 0.00, 0.00, 0.00, 1.00, 0.00, 0.00, 0.00, 0.00, 0.00, 0.00, 0.00, 0.00, 0.00, 0.00, 0.00, 0.00
132,  0,  13.203,  0.98,  1, 1.50, 0.42, 0.00, 0.31, 0.00, 0.00, 0.00, 0.08, 0.00, 0.00, 0.00, 0.56, 0.58, 0.23, 0.43, 1.56, 0.00, 1.00, 1.00, 0.00, 0.00, 0.00, 1.00, 0.00, 0.00, 0.00, 0.00, 0.00, 0.00, 0.00, 0.00, 0.00, 0.00, 0.00, 0.00
133,  0,  13.303,  0.98,  1, 1.40, 0.40, 0.00, 0.39, 0.00, 0.00, 0.00, 0.04, 0.00, 0.00, 0.00, 0.64, 0.55, 0.31, 0.42, 1.57, 0.00, 1.00, 1.00, 0.00, 0.00, 0.00, 1.00, 0.00, 0.00, 0.00, 0.00, 0.00, 0.00, 0.00, 0.00, 0.00, 0.00, 0.00, 0.00
134,  0,  13.404,  0.98,  1, 1.45, 0.48, 0.00, 0.35, 0.00, 0.00, 0.00, 0.02, 0.00, 0.00, 0.00, 0.71, 0.71, 0.40, 0.31, 1.56, 0.00, 1.00, 1.00, 0.00, 0.00, 0.00, 1.00, 0.00, 0.00, 0.00, 0.00, 0.00, 0.00, 0.00, 0.00, 0.00, 0.00, 0.00, 0.00
135,  0,  13.505,  0.98,  1, 1.57, 0.44, 0.00, 0.16, 0.00, 0.00, 0.00, 0.00, 0.00, 0.00, 0.03, 0.53, 0.55, 0.30, 0.16, 1.64, 0.00, 1.00, 1.00, 0.00, 0.00, 0.00, 1.00, 0.00, 0.00, 0.00, 0.00, 0.00, 0.00, 0.00, 0.00, 0.00, 0.00, 0.00, 0.00
136,  0,  13.606,  0.98,  1, 1.60, 0.25, 0.00, 0.18, 0.00, 0.03, 0.00, 0.00, 0.00, 0.00, 0.03, 0.45, 0.39, 0.17, 0.02, 1.83, 0.00, 1.00, 1.00, 0.00, 0.00, 0.00, 1.00, 0.00, 0.00, 0.00, 0.00, 0.00, 0.00, 0.00, 0.00, 0.00, 1.00, 0.00, 0.00
137,  0,  13.707,  0.98,  1, 1.20, 0.05, 0.00, 0.11, 0.00, 0.06, 0.00, 0.00, 0.00, 0.00, 0.03, 0.17, 0.06, 0.20, 0.00, 2.02, 0.00, 1.00, 1.00, 0.00, 0.00, 0.00, 1.00, 0.00, 0.00, 0.00, 0.00, 0.00, 0.00, 0.00, 0.00, 0.00, 1.00, 0.00, 0.00
138,  0,  13.807,  0.98,  1, 0.71, 0.13, 0.00, 0.11, 0.00, 0.06, 0.00, 0.00, 0.00, 0.00, 0.00, 0.15, 0.00, 0.64, 0.00, 2.08, 0.00, 1.00, 1.00, 0.00, 0.00, 0.00, 1.00, 0.00, 0.00, 0.00, 0.00, 0.00, 0.00, 0.00, 0.00, 0.00, 1.00, 0.00, 0.00
139,  0,  13.908,  0.93,  1, 0.22, 0.17, 0.00, 0.00, 0.00, 0.03, 0.00, 0.00, 0.00, 0.00, 0.00, 0.04, 0.00, 1.20, 0.00, 2.00, 0.00, 1.00, 0.00, 0.00, 0.00, 0.00, 1.00, 0.00, 0.00, 0.00, 0.00, 0.00, 0.00, 0.00, 0.00, 0.00, 1.00, 0.00, 0.00
140,  0,  14.009,  0.98,  1, 0.08, 0.21, 0.00, 0.00, 0.00, 0.00, 0.00, 0.00, 0.00, 0.00, 0.00, 0.04, 0.12, 1.63, 0.00, 1.71, 0.00, 1.00, 0.00, 0.00, 0.00, 0.00, 1.00, 0.00, 0.00, 0.00, 0.00, 0.00, 0.00, 0.00, 0.00, 0.00, 1.00, 0.00, 0.00
141,  0,  14.110,  0.98,  1, 0.00, 0.09, 0.00, 0.00, 0.00, 0.00, 0.00, 0.00, 0.00, 0.02, 0.00, 0.00, 0.12, 1.59, 0.00, 1.47, 0.12, 1.00, 0.00, 0.00, 0.00, 0.00, 1.00, 0.00, 0.00, 0.00, 0.00, 0.00, 0.00, 0.00, 0.00, 0.00, 1.00, 0.00, 0.00
142,  0,  14.210,  0.98,  1, 0.00, 0.04, 0.00, 0.00, 0.00, 0.00, 0.00, 0.01, 0.00, 0.17, 0.00, 0.00, 0.12, 1.40, 0.08, 1.16, 0.25, 0.00, 0.00, 0.00, 0.00, 0.00, 0.00, 0.00, 0.00, 0.00, 0.00, 0.00, 0.00, 0.00, 0.00, 1.00, 1.00, 0.00, 0.00
143,  0,  14.311,  0.93,  1, 0.00, 0.00, 0.00, 0.00, 0.01, 0.00, 0.00, 0.13, 0.00, 0.45, 0.00, 0.03, 0.00, 1.03, 0.08, 0.99, 0.32, 0.00, 0.00, 0.00, 0.00, 0.00, 0.00, 0.00, 0.00, 0.00, 0.00, 0.00, 0.00, 0.00, 0.00, 1.00, 1.00, 0.00, 0.00
144,  0,  14.412,  0.93,  1, 0.00, 0.00, 0.00, 0.00, 0.01, 0.00, 0.00, 0.24, 0.00, 0.81, 0.00, 0.05, 0.00, 0.92, 0.15, 0.84, 0.28, 0.00, 0.00, 0.00, 0.00, 0.00, 0.00, 0.00, 0.00, 0.00, 1.00, 0.00, 0.00, 0.00, 0.00, 1.00, 1.00, 0.00, 0.00
145,  0,  14.513,  0.98,  1, 0.00, 0.00, 0.00, 0.00, 0.04, 0.00, 0.00, 0.43, 0.01, 1.02, 0.10, 0.09, 0.00, 0.89, 0.08, 0.71, 0.26, 0.00, 0.00, 0.00, 0.00, 0.00, 0.00, 0.00, 0.00, 0.00, 1.00, 0.00, 0.00, 0.00, 0.00, 1.00, 1.00, 0.00, 0.00
146,  0,  14.614,  0.98,  1, 0.00, 0.00, 0.00, 0.00, 0.05, 0.00, 0.00, 0.44, 0.01, 1.05, 0.18, 0.07, 0.00, 0.96, 0.08, 0.64, 0.23, 0.00, 0.00, 0.00, 0.00, 0.00, 0.00, 0.00, 0.00, 0.00, 1.00, 0.00, 0.00, 0.00, 0.00, 1.00, 1.00, 0.00, 0.00
147,  0,  14.714,  0.98,  1, 0.00, 0.00, 0.00, 0.00, 0.05, 0.00, 0.00, 0.43, 0.01, 0.83, 0.31, 0.18, 0.00, 0.93, 0.02, 0.51, 0.23, 0.00, 0.00, 0.00, 0.00, 0.00, 0.00, 0.00, 0.00, 0.00, 1.00, 0.00, 0.00, 0.00, 0.00, 1.00, 0.00, 0.00, 0.00
148,  0,  14.815,  0.98,  1, 0.00, 0.00, 0.00, 0.00, 0.02, 0.00, 0.00, 0.25, 0.00, 0.66, 0.22, 0.14, 0.00, 0.92, 0.00, 0.54, 0.12, 0.00, 0.00, 0.00, 0.00, 0.00, 0.00, 0.00, 0.00, 0.00, 1.00, 0.00, 0.00, 0.00, 0.00, 1.00, 0.00, 0.00, 0.00
149,  0,  14.916,  0.98,  1, 0.00, 0.00, 0.00, 0.00, 0.02, 0.00, 0.00, 0.11, 0.00, 0.48, 0.19, 0.14, 0.00, 0.86, 0.00, 0.59, 0.09, 0.00, 0.00, 0.00, 0.00, 0.00, 0.00, 0.00, 0.00, 0.00, 1.00, 0.00, 0.00, 0.00, 0.00, 1.00, 0.00, 0.00, 0.00
150,  0,  15.017,  0.98,  1, 0.00, 0.00, 0.00, 0.00, 0.02, 0.00, 0.00, 0.02, 0.00, 0.32, 0.13, 0.00, 0.00, 0.81, 0.00, 0.66, 0.00, 0.00, 0.00, 0.00, 0.00, 0.00, 0.00, 0.00, 0.00, 0.00, 1.00, 0.00, 0.00, 0.00, 0.00, 1.00, 0.00, 0.00, 0.00
151,  0,  15.118,  0.98,  1, 0.00, 0.00, 0.00, 0.00, 0.02, 0.00, 0.00, 0.02, 0.00, 0.27, 0.20, 0.00, 0.00, 0.71, 0.00, 0.72, 0.00, 0.00, 0.00, 0.00, 0.00, 0.00, 0.00, 0.00, 0.00, 0.00, 0.00, 0.00, 0.00, 0.00, 0.00, 1.00, 0.00, 0.00, 0.00
152,  0,  15.218,  0.98,  1, 0.00, 0.00, 0.00, 0.00, 0.00, 0.00, 0.00, 0.02, 0.00, 0.23, 0.15, 0.05, 0.00, 0.69, 0.02, 0.71, 0.00, 0.00, 0.00, 0.00, 0.00, 0.00, 0.00, 0.00, 0.00, 0.00, 1.00, 0.00, 0.00, 0.00, 0.00, 1.00, 0.00, 0.00, 0.00
153,  0,  15.319,  0.98,  1, 0.00, 0.00, 0.00, 0.00, 0.00, 0.00, 0.00, 0.02, 0.01, 0.27, 0.07, 0.05, 0.00, 0.61, 0.07, 0.72, 0.00, 0.00, 0.00, 0.00, 0.00, 0.00, 0.00, 0.00, 0.00, 0.00, 1.00, 0.00, 0.00, 0.00, 0.00, 1.00, 1.00, 0.00, 0.00
154,  0,  15.420,  0.98,  1, 0.00, 0.00, 0.00, 0.00, 0.00, 0.00, 0.00, 0.00, 0.01, 0.25, 0.00, 0.05, 0.00, 0.54, 0.16, 0.64, 0.01, 0.00, 0.00, 0.00, 0.00, 0.00, 0.00, 0.00, 0.00, 0.00, 0.00, 0.00, 0.00, 0.00, 0.00, 1.00, 1.00, 0.00, 0.00
155,  0,  15.521,  0.98,  1, 0.00, 0.00, 0.00, 0.00, 0.00, 0.00, 0.00, 0.00, 0.01, 0.35, 0.04, 0.00, 0.00, 0.44, 0.14, 0.58, 0.10, 0.00, 0.00, 0.00, 0.00, 0.00, 0.00, 0.00, 0.00, 0.00, 0.00, 0.00, 0.00, 0.00, 0.00, 1.00, 1.00, 0.00, 0.00
156,  0,  15.621,  0.98,  1, 0.00, 0.00, 0.00, 0.00, 0.00, 0.00, 0.00, 0.00, 0.00, 0.43, 0.06, 0.00, 0.00, 0.48, 0.08, 0.54, 0.10, 0.00, 0.00, 0.00, 0.00, 0.00, 0.00, 0.00, 0.00, 0.00, 0.00, 0.00, 0.00, 0.00, 0.00, 1.00, 1.00, 0.00, 0.00
157,  0,  15.722,  0.98,  1, 0.00, 0.00, 0.00, 0.00, 0.00, 0.00, 0.00, 0.00, 0.00, 0.46, 0.15, 0.04, 0.00, 0.48, 0.00, 0.45, 0.09, 0.00, 0.00, 0.00, 0.00, 0.00, 0.00, 0.00, 0.00, 0.00, 0.00, 0.00, 0.00, 0.00, 0.00, 1.00, 1.00, 0.00, 0.00
158,  0,  15.823,  0.98,  1, 0.00, 0.00, 0.00, 0.00, 0.00, 0.00, 0.00, 0.00, 0.00, 0.30, 0.15, 0.04, 0.00, 0.54, 0.01, 0.51, 0.00, 0.00, 0.00, 0.00, 0.00, 0.00, 0.00, 0.00, 0.00, 0.00, 0.00, 0.00, 0.00, 0.00, 0.00, 1.00, 1.00, 0.00, 0.00
159,  0,  15.924,  0.98,  1, 0.00, 0.00, 0.00, 0.00, 0.00, 0.00, 0.00, 0.00, 0.00, 0.29, 0.13, 0.04, 0.00, 0.62, 0.01, 0.48, 0.00, 0.00, 0.00, 0.00, 0.00, 0.00, 0.00, 0.00, 0.00, 0.00, 0.00, 0.00, 0.00, 0.00, 0.00, 1.00, 1.00, 0.00, 0.00
160,  0,  16.025,  0.98,  1, 0.00, 0.01, 0.00, 0.00, 0.00, 0.00, 0.00, 0.00, 0.00, 0.23, 0.05, 0.18, 0.00, 0.69, 0.01, 0.59, 0.00, 0.00, 0.00, 0.00, 0.00, 0.00, 0.00, 0.00, 0.00, 0.00, 0.00, 0.00, 0.00, 0.00, 0.00, 1.00, 1.00, 0.00, 0.00
161,  0,  16.125,  0.98,  1, 0.00, 0.06, 0.00, 0.00, 0.00, 0.00, 0.00, 0.00, 0.00, 0.26, 0.06, 0.31, 0.00, 0.70, 0.00, 0.62, 0.00, 0.00, 0.00, 0.00, 0.00, 0.00, 0.00, 0.00, 0.00, 0.00, 0.00, 0.00, 0.00, 0.00, 0.00, 1.00, 1.00, 0.00, 0.00
162,  0,  16.226,  0.98,  1, 0.00, 0.09, 0.00, 0.00, 0.00, 0.00, 0.00, 0.02, 0.00, 0.18, 0.08, 0.39, 0.00, 0.62, 0.00, 0.74, 0.00, 0.00, 0.00, 0.00, 0.00, 0.00, 1.00, 0.00, 0.00, 0.00, 0.00, 0.00, 0.00, 0.00, 0.00, 1.00, 1.00, 0.00, 0.00
163,  0,  16.327,  0.98,  1, 0.04, 0.31, 0.04, 0.00, 0.00, 0.00, 0.00, 0.02, 0.00, 0.29, 0.07, 0.28, 0.00, 0.65, 0.00, 0.72, 0.00, 0.00, 0.00, 0.00, 0.00, 0.00, 1.00, 0.00, 0.00, 0.00, 0.00, 0.00, 0.00, 0.00, 0.00, 1.00, 1.00, 0.00, 0.00
164,  0,  16.428,  0.98,  1, 0.25, 0.37, 0.04, 0.17, 0.08, 0.00, 0.00, 0.02, 0.00, 0.47, 0.03, 0.14, 0.00, 0.60, 0.09, 0.76, 0.35, 1.00, 1.00, 0.00, 0.00, 0.00, 1.00, 0.00, 0.00, 0.00, 0.00, 0.00, 0.00, 0.00, 0.00, 0.00, 1.00, 0.00, 0.00
165,  0,  16.529,  0.98,  1, 0.79, 0.52, 0.04, 0.36, 0.18, 0.00, 0.00, 0.20, 0.00, 0.48, 0.00, 0.21, 0.08, 0.51, 0.09, 0.69, 1.13, 1.00, 1.00, 0.00, 0.00, 0.00, 1.00, 0.00, 0.00, 0.00, 0.00, 0.00, 0.00, 0.00, 0.00, 0.00, 1.00, 0.00, 1.00
166,  0,  16.629,  0.98,  1, 1.35, 0.54, 0.00, 0.76, 0.25, 0.00, 0.00, 0.51, 0.00, 0.44, 0.00, 0.33, 0.19, 0.30, 0.09, 0.57, 1.77, 1.00, 1.00, 1.00, 0.00, 0.00, 1.00, 0.00, 0.00, 0.00, 0.00, 0.00, 0.00, 0.00, 0.00, 0.00, 0.00, 0.00, 1.00
167,  0,  16.730,  0.98,  1, 1.86, 0.91, 0.15, 0.80, 0.22, 0.00, 0.00, 0.87, 0.00, 0.48, 0.00, 0.38, 0.30, 0.14, 0.01, 0.28, 2.01, 1.00, 1.00, 1.00, 0.00, 0.00, 1.00, 0.00, 0.00, 0.00, 0.00, 0.00, 0.00, 0.00, 0.00, 0.00, 0.00, 0.00, 1.00
168,  0,  16.831,  0.98,  1, 1.93, 1.07, 0.47, 0.73, 0.15, 0.00, 0.00, 1.14, 0.00, 0.92, 0.10, 0.42, 0.22, 0.04, 0.01, 0.15, 1.76, 1.00, 1.00, 1.00, 0.00, 0.00, 1.00, 0.00, 0.00, 0.00, 0.00, 0.00, 0.00, 0.00, 1.00, 0.00, 0.00, 0.00, 1.00
169,  0,  16.932,  0.98,  1, 1.77, 0.86, 0.75, 0.34, 0.08, 0.00, 0.00, 1.25, 0.00, 1.32, 0.30, 0.40, 0.11, 0.00, 0.01, 0.16, 1.45, 1.00, 1.00, 1.00, 0.00, 0.00, 1.00, 0.00, 0.00, 0.00, 0.00, 0.00, 0.00, 0.00, 1.00, 0.00, 0.00, 0.00, 1.00
170,  0,  17.032,  0.98,  1, 1.25, 0.38, 0.90, 0.12, 0.03, 0.00, 0.00, 1.25, 0.00, 1.45, 0.51, 0.54, 0.00, 0.00, 0.00, 0.17, 1.06, 1.00, 1.00, 1.00, 0.00, 0.00, 1.00, 0.00, 0.00, 0.00, 0.00, 1.00, 0.00, 0.00, 1.00, 0.00, 0.00, 0.00, 1.00
171,  0,  17.133,  0.98,  1, 0.90, 0.03, 0.88, 0.11, 0.01, 0.00, 0.00, 1.04, 0.00, 1.31, 0.51, 0.55, 0.00, 0.02, 0.00, 0.10, 0.69, 1.00, 1.00, 1.00, 0.00, 0.00, 1.00, 0.00, 0.00, 0.00, 0.00, 1.00, 0.00, 0.00, 1.00, 0.00, 0.00, 0.00, 1.00
172,  0,  17.234,  0.98,  1, 0.68, 0.00, 0.81, 0.25, 0.01, 0.00, 0.00, 0.86, 0.00, 0.88, 0.49, 0.52, 0.00, 0.02, 0.03, 0.01, 0.50, 1.00, 1.00, 1.00, 0.00, 0.00, 1.00, 0.00, 0.00, 0.00, 0.00, 1.00, 0.00, 0.00, 1.00, 0.00, 0.00, 0.00, 1.00
173,  0,  17.335,  0.98,  1, 0.66, 0.00, 0.67, 0.25, 0.00, 0.00, 0.00, 0.77, 0.00, 0.70, 0.39, 0.49, 0.00, 0.02, 0.03, 0.01, 0.30, 0.00, 0.00, 1.00, 1.00, 0.00, 1.00, 0.00, 0.00, 0.00, 0.00, 1.00, 0.00, 0.00, 1.00, 0.00, 0.00, 0.00, 1.00
174,  0,  17.436,  0.98,  1, 0.55, 0.00, 0.54, 0.15, 0.00, 0.00, 0.00, 0.86, 0.00, 0.56, 0.51, 0.51, 0.00, 0.00, 0.03, 0.01, 0.26, 0.00, 0.00, 1.00, 1.00, 0.00, 1.00, 0.00, 0.00, 0.00, 0.00, 1.00, 0.00, 0.00, 1.00, 0.00, 0.00, 0.00, 1.00
175,  0,  17.536,  0.98,  1, 0.36, 0.00, 0.51, 0.15, 0.00, 0.00, 0.03, 0.88, 0.00, 0.56, 0.48, 0.55, 0.00, 0.00, 0.00, 0.01, 0.33, 0.00, 0.00, 1.00, 0.00, 0.00, 1.00, 0.00, 0.00, 0.00, 0.00, 1.00, 0.00, 0.00, 1.00, 0.00, 0.00, 0.00, 1.00
176,  0,  17.637,  0.98,  1, 0.22, 0.00, 0.65, 0.15, 0.00, 0.00, 0.03, 0.91, 0.00, 0.57, 0.54, 0.66, 0.00, 0.00, 0.00, 0.00, 0.57, 0.00, 0.00, 1.00, 0.00, 0.00, 1.00, 0.00, 0.00, 0.00, 0.00, 1.00, 0.00, 0.00, 1.00, 0.00, 0.00, 0.00, 1.00
177,  0,  17.738,  0.98,  1, 0.06, 0.00, 0.80, 0.18, 0.00, 0.00, 0.03, 0.85, 0.00, 0.56, 0.45, 0.72, 0.00, 0.00, 0.03, 0.00, 0.67, 0.00, 0.00, 1.00, 0.00, 0.00, 1.00, 0.00, 0.00, 0.00, 0.00, 1.00, 0.00, 0.00, 1.00, 0.00, 0.00, 0.00, 1.00
178,  0,  17.839,  0.98,  1, 0.03, 0.00, 0.83, 0.04, 0.03, 0.00, 0.08, 0.87, 0.00, 0.48, 0.44, 0.77, 0.00, 0.00, 0.03, 0.00, 0.68, 0.00, 0.00, 1.00, 0.00, 0.00, 1.00, 0.00, 0.00, 0.00, 0.00, 1.00, 0.00, 0.00, 1.00, 0.00, 0.00, 0.00, 1.00
179,  0,  17.939,  0.98,  1, 0.00, 0.00, 0.74, 0.04, 0.05, 0.00, 0.11, 0.88, 0.00, 0.42, 0.44, 0.65, 0.00, 0.01, 0.03, 0.00, 0.75, 0.00, 0.00, 1.00, 0.00, 0.00, 1.00, 0.00, 0.00, 0.00, 0.00, 1.00, 0.00, 0.00, 1.00, 0.00, 0.00, 0.00, 1.00
180,  0,  18.040,  0.98,  1, 0.00, 0.00, 0.68, 0.08, 0.16, 0.00, 0.22, 0.91, 0.00, 0.50, 0.44, 0.53, 0.00, 0.01, 0.00, 0.00, 0.70, 0.00, 0.00, 1.00, 0.00, 0.00, 1.00, 0.00, 0.00, 0.00, 0.00, 1.00, 0.00, 0.00, 1.00, 0.00, 0.00, 0.00, 1.00
181,  0,  18.141,  0.98,  1, 0.00, 0.00, 0.78, 0.20, 0.28, 0.01, 0.25, 1.00, 0.00, 0.69, 0.51, 0.48, 0.00, 0.01, 0.00, 0.00, 0.73, 0.00, 0.00, 1.00, 0.00, 0.00, 1.00, 0.00, 0.00, 0.00, 0.00, 1.00, 0.00, 0.00, 1.00, 0.00, 0.00, 0.00, 1.00
182,  0,  18.242,  0.98,  1, 0.13, 0.00, 0.68, 0.24, 0.37, 0.02, 0.33, 0.99, 0.00, 0.79, 0.56, 0.50, 0.00, 0.00, 0.00, 0.00, 0.80, 0.00, 0.00, 1.00, 0.00, 0.00, 1.00, 0.00, 0.00, 0.00, 0.00, 1.00, 0.00, 0.00, 1.00, 0.00, 0.00, 0.00, 1.00
183,  0,  18.343,  0.98,  1, 0.27, 0.00, 0.43, 0.35, 0.37, 0.02, 0.30, 1.01, 0.00, 0.72, 0.55, 0.52, 0.00, 0.00, 0.01, 0.02, 1.05, 0.00, 0.00, 1.00, 0.00, 0.00, 1.00, 0.00, 0.00, 0.00, 0.00, 1.00, 0.00, 0.00, 1.00, 0.00, 0.00, 0.00, 1.00
184,  0,  18.443,  0.98,  1, 0.43, 0.00, 0.15, 0.41, 0.25, 0.02, 0.26, 0.92, 0.00, 0.74, 0.47, 0.55, 0.00, 0.00, 0.01, 0.02, 1.31, 0.00, 0.00, 1.00, 0.00, 0.00, 1.00, 0.00, 0.00, 0.00, 0.00, 1.00, 0.00, 0.00, 1.00, 0.00, 0.00, 0.00, 1.00
185,  0,  18.544,  0.98,  1, 0.33, 0.00, 0.11, 0.42, 0.20, 0.00, 0.21, 0.90, 0.00, 0.68, 0.48, 0.55, 0.00, 0.00, 0.01, 0.14, 1.37, 0.00, 0.00, 1.00, 0.00, 0.00, 1.00, 0.00, 0.00, 0.00, 0.00, 1.00, 0.00, 0.00, 1.00, 0.00, 0.00, 0.00, 1.00
186,  0,  18.645,  0.98,  1, 0.25, 0.00, 0.13, 0.28, 0.13, 0.00, 0.18, 0.89, 0.00, 0.55, 0.54, 0.62, 0.02, 0.00, 0.00, 0.30, 1.34, 0.00, 0.00, 1.00, 0.00, 0.00, 1.00, 0.00, 0.00, 0.00, 0.00, 1.00, 0.00, 0.00, 1.00, 0.00, 0.00, 0.00, 1.00
187,  0,  18.746,  0.98,  1, 0.11, 0.00, 0.10, 0.25, 0.25, 0.00, 0.23, 1.02, 0.00, 0.30, 0.62, 0.73, 0.02, 0.00, 0.00, 0.48, 1.35, 0.00, 0.00, 1.00, 0.00, 0.00, 1.00, 0.00, 0.00, 0.00, 0.00, 1.00, 0.00, 0.00, 1.00, 0.00, 0.00, 0.00, 1.00
188,  0,  18.847,  0.98,  1, 0.18, 0.00, 0.03, 0.32, 0.35, 0.00, 0.34, 1.17, 0.00, 0.16, 0.64, 0.80, 0.03, 0.00, 0.00, 0.51, 1.43, 0.00, 0.00, 1.00, 0.00, 0.00, 1.00, 0.00, 0.00, 0.00, 0.00, 0.00, 0.00, 0.00, 1.00, 0.00, 0.00, 0.00, 1.00
189,  0,  18.947,  0.98,  1, 0.30, 0.00, 0.09, 0.47, 0.46, 0.00, 0.39, 1.24, 0.00, 0.31, 0.57, 0.75, 0.00, 0.00, 0.05, 0.53, 1.68, 0.00, 0.00, 1.00, 0.00, 0.00, 1.00, 0.00, 0.00, 0.00, 0.00, 0.00, 0.00, 0.00, 1.00, 0.00, 0.00, 0.00, 1.00
190,  0,  19.048,  0.98,  1, 0.84, 0.14, 0.61, 0.35, 0.45, 0.00, 0.32, 1.04, 0.00, 0.56, 0.45, 0.43, 0.00, 0.00, 0.21, 0.41, 1.52, 1.00, 1.00, 1.00, 0.00, 0.00, 1.00, 0.00, 0.00, 0.00, 0.00, 0.00, 0.00, 0.00, 1.00, 0.00, 0.00, 0.00, 1.00
191,  0,  19.149,  0.98,  1, 1.52, 0.80, 1.36, 0.36, 0.30, 0.00, 0.15, 0.76, 0.00, 0.68, 0.36, 0.17, 0.00, 0.00, 0.21, 0.25, 1.14, 1.00, 1.00, 1.00, 0.00, 0.00, 1.00, 0.00, 0.00, 0.00, 0.00, 0.00, 0.00, 0.00, 1.00, 0.00, 0.00, 0.00, 1.00
192,  0,  19.250,  0.98,  1, 1.74, 0.81, 1.77, 0.18, 0.14, 0.00, 0.05, 0.59, 0.00, 0.79, 0.37, 0.07, 0.00, 0.00, 0.24, 0.18, 0.69, 1.00, 1.00, 1.00, 0.00, 0.00, 1.00, 0.00, 0.00, 0.00, 0.00, 0.00, 0.00, 0.00, 1.00, 0.00, 0.00, 0.00, 1.00
193,  0,  19.350,  0.98,  1, 1.30, 0.66, 1.34, 0.26, 0.10, 0.00, 0.04, 0.79, 0.00, 0.75, 0.40, 0.24, 0.00, 0.00, 0.09, 0.33, 0.91, 1.00, 1.00, 1.00, 0.00, 0.00, 1.00, 0.00, 0.00, 0.00, 0.00, 0.00, 0.00, 0.00, 1.00, 0.00, 0.00, 0.00, 1.00
194,  0,  19.451,  0.98,  1, 0.71, 0.01, 0.59, 0.23, 0.29, 0.00, 0.18, 1.06, 0.00, 0.73, 0.38, 0.54, 0.00, 0.03, 0.09, 0.78, 1.26, 1.00, 0.00, 1.00, 0.00, 0.00, 1.00, 0.00, 0.00, 0.00, 0.00, 0.00, 0.00, 0.00, 1.00, 0.00, 0.00, 0.00, 0.00
195,  0,  19.552,  0.98,  1, 0.31, 0.00, 0.09, 0.29, 0.40, 0.00, 0.20, 1.24, 0.00, 0.50, 0.41, 0.89, 0.00, 0.25, 0.00, 1.19, 1.29, 0.00, 0.00, 1.00, 0.00, 0.00, 1.00, 0.00, 0.00, 0.00, 0.00, 0.00, 0.00, 0.00, 1.00, 0.00, 0.00, 0.00, 0.00
196,  0,  19.653,  0.98,  1, 0.18, 0.00, 0.13, 0.38, 0.30, 0.00, 0.17, 1.09, 0.00, 0.43, 0.32, 0.84, 0.00, 0.46, 0.03, 1.16, 0.73, 0.00, 0.00, 1.00, 0.00, 0.00, 1.00, 0.00, 0.00, 0.00, 0.00, 0.00, 0.00, 0.00, 1.00, 0.00, 0.00, 0.00, 0.00
197,  0,  19.754,  0.98,  1, 0.00, 0.00, 0.31, 0.50, 0.12, 0.00, 0.02, 1.01, 0.00, 0.45, 0.18, 0.77, 0.03, 0.63, 0.03, 0.75, 0.24, 0.00, 0.00, 1.00, 1.00, 0.00, 1.00, 0.00, 0.00, 0.00, 0.00, 0.00, 0.00, 0.00, 1.00, 0.00, 0.00, 0.00, 0.00
198,  0,  19.854,  0.98,  1, 0.00, 0.00, 0.53, 0.45, 0.00, 0.12, 0.00, 1.08, 0.00, 0.58, 0.15, 0.55, 0.03, 0.57, 0.03, 0.43, 0.00, 0.00, 0.00, 1.00, 1.00, 0.00, 1.00, 0.00, 0.00, 0.00, 0.00, 0.00, 0.00, 0.00, 1.00, 0.00, 0.00, 0.00, 0.00
199,  0,  19.955,  0.98,  1, 0.00, 0.00, 0.39, 0.26, 0.00, 0.12, 0.00, 1.09, 0.00, 0.45, 0.24, 0.71, 0.03, 0.54, 0.01, 0.61, 0.00, 0.00, 0.00, 1.00, 1.00, 0.00, 1.00, 0.00, 0.00, 0.00, 0.00, 0.00, 0.00, 0.00, 1.00, 0.00, 0.00, 0.00, 0.00
200,  0,  20.056,  0.98,  1, 0.00, 0.00, 0.22, 0.04, 0.00, 0.12, 0.04, 1.10, 0.00, 0.34, 0.40, 0.82, 0.05, 0.56, 0.01, 0.92, 0.00, 0.00, 0.00, 1.00, 1.00, 0.00, 1.00, 0.00, 0.00, 0.00, 0.00, 0.00, 0.00, 0.00, 1.00, 0.00, 0.00, 0.00, 0.00
201,  0,  20.157,  0.98,  1, 0.00, 0.00, 0.00, 0.00, 0.00, 0.00, 0.04, 0.84, 0.00, 0.19, 0.50, 0.87, 0.05, 0.55, 0.08, 0.95, 0.00, 0.00, 0.00, 0.00, 1.00, 0.00, 1.00, 0.00, 0.00, 0.00, 0.00, 0.00, 0.00, 0.00, 1.00, 0.00, 0.00, 0.00, 0.00
202,  0,  20.257,  0.98,  1, 0.00, 0.00, 0.01, 0.00, 0.00, 0.00, 0.04, 0.94, 0.00, 0.25, 0.46, 0.85, 0.05, 0.55, 0.07, 0.84, 0.00, 0.00, 0.00, 0.00, 1.00, 0.00, 1.00, 0.00, 0.00, 0.00, 0.00, 0.00, 0.00, 0.00, 1.00, 0.00, 0.00, 0.00, 0.00
203,  0,  20.358,  0.98,  1, 0.00, 0.00, 0.01, 0.00, 0.03, 0.00, 0.06, 0.77, 0.00, 0.21, 0.31, 0.76, 0.02, 0.46, 0.07, 0.88, 0.00, 0.00, 0.00, 0.00, 0.00, 0.00, 1.00, 0.00, 0.00, 0.00, 0.00, 0.00, 0.00, 0.00, 1.00, 0.00, 0.00, 0.00, 0.00
204,  0,  20.459,  0.98,  1, 0.00, 0.00, 0.01, 0.00, 0.03, 0.00, 0.07, 0.60, 0.00, 0.10, 0.28, 0.80, 0.02, 0.49, 0.00, 0.89, 0.00, 0.00, 0.00, 0.00, 0.00, 0.00, 1.00, 0.00, 0.00, 0.00, 0.00, 0.00, 0.00, 0.00, 1.00, 0.00, 0.00, 0.00, 0.00
205,  0,  20.560,  0.98,  1, 0.04, 0.00, 0.05, 0.00, 0.03, 0.00, 0.07, 0.42, 0.00, 0.01, 0.25, 0.69, 0.02, 0.41, 0.01, 1.07, 0.00, 0.00, 0.00, 0.00, 0.00, 0.00, 1.00, 0.00, 0.00, 0.00, 0.00, 0.00, 0.00, 0.00, 1.00, 0.00, 0.00, 0.00, 0.00
206,  0,  20.661,  0.98,  1, 0.25, 0.00, 0.20, 0.00, 0.00, 0.10, 0.01, 0.53, 0.00, 0.16, 0.26, 0.63, 0.00, 0.27, 0.01, 1.21, 0.32, 1.00, 0.00, 1.00, 0.00, 0.00, 1.00, 0.00, 0.00, 0.00, 0.00, 0.00, 0.00, 0.00, 1.00, 0.00, 1.00, 0.00, 0.00
207,  0,  20.761,  0.98,  1, 0.75, 0.00, 0.33, 0.07, 0.00, 0.10, 0.00, 0.46, 0.00, 0.24, 0.06, 0.34, 0.00, 0.09, 0.04, 1.77, 0.60, 1.00, 0.00, 1.00, 0.00, 0.00, 1.00, 0.00, 0.00, 0.00, 0.00, 0.00, 0.00, 0.00, 0.00, 0.00, 1.00, 0.00, 1.00
208,  0,  20.862,  0.98,  1, 1.15, 0.00, 0.58, 0.08, 0.00, 0.10, 0.00, 0.29, 0.00, 0.26, 0.02, 0.31, 0.00, 0.00, 0.22, 2.15, 0.91, 1.00, 0.00, 1.00, 0.00, 0.00, 1.00, 0.00, 0.00, 0.00, 0.00, 0.00, 0.00, 0.00, 0.00, 1.00, 1.00, 0.00, 1.00
209,  0,  20.963,  0.98,  1, 1.26, 0.00, 0.72, 0.08, 0.00, 0.00, 0.00, 0.02, 0.00, 0.15, 0.00, 0.13, 0.00, 0.00, 0.53, 2.46, 0.93, 1.00, 0.00, 1.00, 0.00, 0.00, 1.00, 0.00, 0.00, 0.00, 0.00, 0.00, 0.00, 0.00, 0.00, 1.00, 1.00, 0.00, 1.00
210,  0,  21.064,  0.98,  1, 1.07, 0.00, 0.83, 0.01, 0.00, 0.00, 0.00, 0.14, 0.00, 0.24, 0.00, 0.13, 0.00, 0.00, 0.68, 2.47, 1.01, 1.00, 0.00, 1.00, 0.00, 0.00, 1.00, 0.00, 0.00, 0.00, 0.00, 0.00, 0.00, 0.00, 0.00, 1.00, 1.00, 0.00, 1.00
211,  0,  21.165,  0.98,  1, 0.90, 0.00, 0.71, 0.00, 0.00, 0.00, 0.00, 0.31, 0.00, 0.60, 0.00, 0.01, 0.00, 0.00, 0.60, 2.51, 0.96, 1.00, 0.00, 1.00, 0.00, 0.00, 1.00, 0.00, 0.00, 0.00, 0.00, 0.00, 0.00, 0.00, 0.00, 1.00, 1.00, 0.00, 1.00
212,  0,  21.265,  0.98,  1, 0.89, 0.00, 0.62, 0.00, 0.00, 0.00, 0.00, 0.43, 0.00, 0.93, 0.00, 0.01, 0.00, 0.00, 0.29, 2.51, 0.88, 1.00, 0.00, 1.00, 0.00, 0.00, 1.00, 0.00, 0.00, 0.00, 0.00, 0.00, 0.00, 0.00, 0.00, 1.00, 1.00, 0.00, 1.00
213,  0,  21.366,  0.98,  1, 0.87, 0.00, 0.54, 0.00, 0.00, 0.00, 0.00, 0.42, 0.00, 0.96, 0.00, 0.04, 0.00, 0.00, 0.18, 2.43, 0.86, 1.00, 0.00, 1.00, 0.00, 0.00, 1.00, 0.00, 0.00, 0.00, 0.00, 0.00, 0.00, 0.00, 0.00, 1.00, 1.00, 0.00, 1.00
214,  0,  21.467,  0.98,  1, 1.04, 0.00, 0.51, 0.00, 0.00, 0.00, 0.00, 0.27, 0.00, 0.77, 0.00, 0.18, 0.00, 0.00, 0.17, 2.52, 0.72, 1.00, 0.00, 1.00, 0.00, 0.00, 1.00, 0.00, 0.00, 0.00, 0.00, 0.00, 0.00, 0.00, 0.00, 1.00, 1.00, 0.00, 1.00
215,  0,  21.568,  0.98,  1, 1.06, 0.00, 0.36, 0.00, 0.00, 0.00, 0.00, 0.22, 0.00, 0.56, 0.00, 0.34, 0.00, 0.00, 0.17, 2.46, 0.62, 1.00, 0.00, 1.00, 0.00, 0.00, 1.00, 0.00, 0.00, 0.00, 1.00, 0.00, 0.00, 0.00, 0.00, 1.00, 1.00, 0.00, 1.00
216,  0,  21.668,  0.98,  1, 1.10, 0.07, 0.28, 0.00, 0.00, 0.00, 0.00, 0.23, 0.00, 0.44, 0.00, 0.49, 0.00, 0.07, 0.11, 2.28, 0.37, 1.00, 1.00, 1.00, 0.00, 0.00, 1.00, 0.00, 0.00, 0.00, 1.00, 0.00, 0.00, 0.00, 0.00, 1.00, 1.00, 0.00, 1.00
217,  0,  21.769,  0.98,  1, 0.87, 0.07, 0.12, 0.00, 0.04, 0.00, 0.00, 0.40, 0.00, 0.48, 0.00, 0.42, 0.00, 0.11, 0.07, 1.70, 0.45, 1.00, 1.00, 1.00, 0.00, 0.00, 1.00, 0.00, 0.00, 0.00, 1.00, 0.00, 0.00, 0.00, 0.00, 0.00, 1.00, 0.00, 1.00
218,  0,  21.870,  0.98,  1, 0.79, 0.08, 0.07, 0.00, 0.13, 0.00, 0.00, 0.56, 0.00, 0.46, 0.00, 0.48, 0.00, 0.12, 0.10, 1.43, 0.53, 1.00, 1.00, 1.00, 0.00, 0.00, 1.00, 0.00, 0.00, 0.00, 1.00, 0.00, 1.00, 0.00, 0.00, 0.00, 1.00, 0.00, 1.00
219,  0,  21.971,  0.98,  1, 0.71, 0.08, 0.04, 0.00, 0.23, 0.00, 0.00, 0.72, 0.00, 0.78, 0.00, 0.57, 0.00, 0.09, 0.10, 1.28, 0.62, 1.00, 1.00, 1.00, 0.00, 0.00, 1.00, 0.00, 1.00, 0.00, 1.00, 0.00, 1.00, 0.00, 0.00, 0.00, 1.00, 0.00, 0.00
220,  0,  22.072,  0.98,  1, 0.71, 0.08, 0.04, 0.00, 0.27, 0.00, 0.00, 0.80, 0.00, 0.84, 0.00, 0.89, 0.00, 0.10, 0.04, 1.34, 0.63, 1.00, 1.00, 1.00, 0.00, 0.00, 1.00, 0.00, 1.00, 0.00, 1.00, 0.00, 1.00, 0.00, 0.00, 0.00, 1.00, 0.00, 0.00
221,  0,  22.172,  0.98,  1, 0.72, 0.08, 0.04, 0.00, 0.26, 0.00, 0.00, 0.84, 0.00, 0.99, 0.00, 0.98, 0.00, 0.13, 0.00, 1.41, 0.62, 1.00, 1.00, 1.00, 0.00, 0.00, 1.00, 0.00, 1.00, 0.00, 1.00, 0.00, 1.00, 0.00, 0.00, 0.00, 1.00, 0.00, 0.00
222,  0,  22.273,  0.98,  1, 0.70, 0.01, 0.00, 0.00, 0.28, 0.03, 0.00, 0.77, 0.00, 0.81, 0.07, 0.99, 0.00, 0.19, 0.00, 1.57, 0.72, 1.00, 1.00, 1.00, 0.00, 0.00, 1.00, 0.00, 1.00, 0.00, 1.00, 0.00, 1.00, 0.00, 1.00, 0.00, 1.00, 0.00, 0.00
223,  0,  22.374,  0.98,  1, 0.80, 0.01, 0.00, 0.00, 0.28, 0.03, 0.00, 0.72, 0.00, 0.62, 0.07, 0.88, 0.00, 0.25, 0.00, 1.73, 0.89, 1.00, 1.00, 1.00, 0.00, 0.00, 1.00, 0.00, 1.00, 0.00, 1.00, 0.00, 1.00, 0.00, 1.00, 0.00, 1.00, 0.00, 0.00
224,  0,  22.475,  0.98,  1, 0.85, 0.00, 0.00, 0.00, 0.28, 0.10, 0.00, 0.68, 0.00, 0.51, 0.07, 0.80, 0.00, 0.20, 0.00, 1.67, 1.05, 1.00, 1.00, 1.00, 0.00, 0.00, 1.00, 0.00, 1.00, 0.00, 1.00, 0.00, 1.00, 0.00, 1.00, 0.00, 1.00, 0.00, 1.00
225,  0,  22.576,  0.98,  1, 0.92, 0.00, 0.00, 0.00, 0.25, 0.20, 0.00, 0.78, 0.00, 0.43, 0.00, 0.71, 0.00, 0.10, 0.00, 1.75, 1.08, 1.00, 1.00, 1.00, 0.00, 0.00, 1.00, 0.00, 1.00, 0.00, 1.00, 0.00, 1.00, 0.00, 1.00, 0.00, 1.00, 0.00, 1.00
226,  0,  22.676,  0.98,  1, 0.91, 0.02, 0.05, 0.00, 0.22, 0.20, 0.00, 0.84, 0.00, 0.55, 0.05, 0.64, 0.00, 0.00, 0.00, 1.80, 0.91, 1.00, 1.00, 0.00, 0.00, 0.00, 1.00, 0.00, 1.00, 0.00, 1.00, 0.00, 0.00, 0.00, 1.00, 0.00, 1.00, 0.00, 1.00
227,  0,  22.777,  0.98,  1, 0.83, 0.07, 0.05, 0.00, 0.26, 0.15, 0.00, 1.01, 0.00, 0.54, 0.05, 0.64, 0.00, 0.00, 0.00, 1.98, 0.75, 1.00, 0.00, 0.00, 0.00, 0.00, 1.00, 0.00, 1.00, 0.00, 1.00, 0.00, 0.00, 0.00, 1.00, 0.00, 1.00, 0.00, 1.00
228,  0,  22.878,  0.98,  1, 0.66, 0.07, 0.05, 0.00, 0.26, 0.17, 0.00, 1.06, 0.00, 0.44, 0.05, 0.65, 0.00, 0.00, 0.00, 1.90, 0.66, 1.00, 0.00, 0.00, 0.00, 0.00, 1.00, 0.00, 1.00, 0.00, 1.00, 0.00, 0.00, 0.00, 1.00, 0.00, 1.00, 0.00, 1.00
229,  0,  22.979,  0.98,  1, 0.49, 0.04, 0.00, 0.00, 0.24, 0.28, 0.00, 1.02, 0.00, 0.34, 0.07, 0.65, 0.00, 0.02, 0.00, 1.85, 0.62, 1.00, 0.00, 0.00, 0.00, 0.00, 1.00, 0.00, 1.00, 0.00, 1.00, 0.00, 0.00, 0.00, 1.00, 0.00, 1.00, 0.00, 1.00
230,  0,  23.079,  0.98,  1, 0.38, 0.00, 0.00, 0.00, 0.18, 0.28, 0.00, 0.86, 0.00, 0.19, 0.13, 0.64, 0.00, 0.02, 0.00, 1.84, 0.47, 1.00, 0.00, 0.00, 0.00, 0.00, 1.00, 0.00, 1.00, 0.00, 0.00, 0.00, 0.00, 0.00, 1.00, 0.00, 1.00, 0.00, 1.00
231,  0,  23.180,  0.98,  1, 0.43, 0.00, 0.00, 0.00, 0.14, 0.13, 0.00, 0.76, 0.00, 0.23, 0.23, 0.66, 0.00, 0.02, 0.00, 1.98, 0.28, 1.00, 0.00, 0.00, 0.00, 0.00, 1.00, 0.00, 1.00, 0.00, 0.00, 0.00, 0.00, 0.00, 1.00, 0.00, 1.00, 0.00, 1.00
232,  0,  23.281,  0.98,  1, 0.40, 0.00, 0.00, 0.00, 0.13, 0.02, 0.00, 0.79, 0.00, 0.17, 0.29, 0.71, 0.00, 0.02, 0.00, 2.08, 0.21, 1.00, 0.00, 0.00, 0.00, 0.00, 1.00, 0.00, 1.00, 0.00, 0.00, 0.00, 0.00, 0.00, 0.00, 0.00, 1.00, 0.00, 1.00
233,  0,  23.382,  0.98,  1, 0.36, 0.00, 0.00, 0.00, 0.09, 0.00, 0.00, 0.77, 0.00, 0.14, 0.42, 0.74, 0.00, 0.03, 0.01, 1.92, 0.27, 1.00, 0.00, 0.00, 0.00, 0.00, 1.00, 0.00, 1.00, 0.00, 0.00, 0.00, 0.00, 0.00, 0.00, 0.00, 1.00, 0.00, 0.00
234,  0,  23.483,  0.98,  1, 0.27, 0.00, 0.00, 0.07, 0.05, 0.00, 0.00, 0.68, 0.00, 0.05, 0.32, 0.85, 0.00, 0.15, 0.10, 1.66, 0.32, 1.00, 0.00, 0.00, 0.00, 0.00, 1.00, 0.00, 1.00, 0.00, 0.00, 0.00, 0.00, 0.00, 0.00, 0.00, 1.00, 0.00, 0.00
235,  0,  23.583,  0.98,  1, 0.18, 0.00, 0.01, 0.08, 0.02, 0.02, 0.00, 0.68, 0.00, 0.08, 0.26, 0.88, 0.00, 0.25, 0.26, 1.43, 0.23, 1.00, 0.00, 0.00, 0.00, 0.00, 1.00, 0.00, 1.00, 0.00, 0.00, 0.00, 0.00, 0.00, 0.00, 0.00, 1.00, 0.00, 0.00
236,  0,  23.684,  0.98,  1, 0.09, 0.00, 0.01, 0.08, 0.00, 0.02, 0.00, 0.76, 0.00, 0.09, 0.07, 0.64, 0.00, 0.40, 0.36, 1.23, 0.10, 1.00, 0.00, 0.00, 0.00, 0.00, 1.00, 0.00, 1.00, 0.00, 0.00, 0.00, 0.00, 0.00, 0.00, 0.00, 1.00, 0.00, 0.00
237,  0,  23.785,  0.98,  1, 0.00, 0.00, 0.05, 0.01, 0.00, 0.02, 0.00, 0.90, 0.00, 0.19, 0.22, 0.40, 0.00, 0.41, 0.50, 1.18, 0.00, 1.00, 0.00, 1.00, 0.00, 0.00, 1.00, 0.00, 1.00, 0.00, 0.00, 0.00, 0.00, 0.00, 0.00, 1.00, 1.00, 0.00, 0.00
238,  0,  23.886,  0.98,  1, 0.00, 0.00, 0.04, 0.00, 0.00, 0.00, 0.00, 0.97, 0.00, 0.23, 0.23, 0.10, 0.00, 0.31, 0.59, 1.14, 0.00, 1.00, 0.00, 1.00, 0.00, 0.00, 1.00, 0.00, 1.00, 0.00, 0.00, 0.00, 0.00, 0.00, 0.00, 1.00, 1.00, 0.00, 0.00
239,  0,  23.986,  0.98,  1, 0.00, 0.00, 0.09, 0.00, 0.00, 0.00, 0.00, 0.88, 0.00, 0.39, 0.29, 0.09, 0.00, 0.15, 0.67, 1.11, 0.00, 1.00, 0.00, 1.00, 0.00, 0.00, 1.00, 0.00, 1.00, 0.00, 0.00, 0.00, 0.00, 0.00, 0.00, 1.00, 1.00, 0.00, 0.00
240,  0,  24.087,  0.98,  1, 0.00, 0.00, 0.13, 0.00, 0.00, 0.00, 0.00, 0.84, 0.00, 0.40, 0.14, 0.00, 0.00, 0.01, 0.71, 0.94, 0.00, 1.00, 0.00, 1.00, 0.00, 0.00, 1.00, 0.00, 0.00, 0.00, 0.00, 0.00, 0.00, 0.00, 0.00, 1.00, 1.00, 0.00, 0.00
241,  0,  24.188,  0.98,  1, 0.00, 0.00, 0.19, 0.00, 0.00, 0.00, 0.00, 0.78, 0.00, 0.27, 0.05, 0.00, 0.00, 0.00, 0.71, 0.78, 0.00, 1.00, 0.00, 1.00, 0.00, 0.00, 1.00, 0.00, 0.00, 0.00, 0.00, 0.00, 0.00, 0.00, 0.00, 1.00, 1.00, 0.00, 0.00
242,  0,  24.289,  0.98,  1, 0.00, 0.00, 0.21, 0.00, 0.00, 0.00, 0.00, 0.82, 0.00, 0.14, 0.00, 0.00, 0.00, 0.00, 0.76, 0.73, 0.00, 1.00, 0.00, 1.00, 0.00, 0.00, 1.00, 0.00, 0.00, 0.00, 0.00, 0.00, 0.00, 0.00, 0.00, 1.00, 1.00, 0.00, 0.00
243,  0,  24.390,  0.98,  1, 0.00, 0.00, 0.25, 0.00, 0.00, 0.00, 0.01, 0.87, 0.00, 0.07, 0.01, 0.00, 0.00, 0.00, 0.63, 0.93, 0.00, 0.00, 0.00, 1.00, 0.00, 0.00, 1.00, 0.00, 0.00, 0.00, 0.00, 0.00, 0.00, 0.00, 0.00, 1.00, 1.00, 0.00, 0.00
244,  0,  24.490,  0.98,  1, 0.00, 0.00, 0.32, 0.00, 0.00, 0.00, 0.01, 0.86, 0.00, 0.11, 0.01, 0.00, 0.00, 0.00, 0.59, 0.94, 0.00, 0.00, 0.00, 1.00, 0.00, 0.00, 1.00, 0.00, 0.00, 0.00, 0.00, 0.00, 0.00, 0.00, 0.00, 1.00, 1.00, 0.00, 0.00
245,  0,  24.591,  0.98,  1, 0.00, 0.00, 0.30, 0.00, 0.00, 0.00, 0.01, 0.94, 0.00, 0.07, 0.01, 0.03, 0.00, 0.00, 0.60, 1.10, 0.00, 0.00, 0.00, 1.00, 0.00, 0.00, 1.00, 0.00, 0.00, 0.00, 0.00, 0.00, 0.00, 0.00, 0.00, 1.00, 1.00, 0.00, 0.00
246,  0,  24.692,  0.98,  1, 0.00, 0.00, 0.28, 0.00, 0.00, 0.00, 0.00, 0.89, 0.00, 0.04, 0.01, 0.14, 0.00, 0.00, 0.73, 1.02, 0.00, 0.00, 0.00, 1.00, 0.00, 0.00, 1.00, 0.00, 0.00, 0.00, 0.00, 0.00, 0.00, 0.00, 0.00, 1.00, 1.00, 0.00, 0.00
247,  0,  24.793,  0.98,  1, 0.00, 0.00, 0.23, 0.00, 0.00, 0.00, 0.00, 0.94, 0.00, 0.00, 0.01, 0.29, 0.00, 0.00, 0.76, 1.17, 0.00, 0.00, 0.00, 1.00, 0.00, 0.00, 1.00, 0.00, 0.00, 0.00, 0.00, 0.00, 0.00, 0.00, 0.00, 1.00, 1.00, 0.00, 0.00
248,  0,  24.894,  0.98,  1, 0.00, 0.00, 0.19, 0.00, 0.00, 0.07, 0.00, 0.92, 0.00, 0.03, 0.01, 0.38, 0.00, 0.00, 0.73, 1.15, 0.00, 0.00, 0.00, 1.00, 0.00, 0.00, 1.00, 0.00, 0.00, 0.00, 0.00, 1.00, 0.00, 0.00, 0.00, 1.00, 1.00, 0.00, 0.00
249,  0,  24.994,  0.98,  1, 0.00, 0.00, 0.19, 0.00, 0.00, 0.17, 0.00, 0.98, 0.00, 0.07, 0.00, 0.32, 0.00, 0.00, 0.68, 1.12, 0.00, 0.00, 0.00, 1.00, 0.00, 0.00, 1.00, 0.00, 0.00, 0.00, 0.00, 1.00, 0.00, 0.00, 0.00, 1.00, 1.00, 0.00, 0.00
250,  0,  25.095,  0.98,  1, 0.00, 0.00, 0.23, 0.00, 0.00, 0.29, 0.00, 0.98, 0.00, 0.09, 0.00, 0.18, 0.00, 0.00, 0.64, 1.12, 0.09, 0.00, 0.00, 1.00, 0.00, 0.00, 1.00, 0.00, 0.00, 0.00, 0.00, 1.00, 0.00, 0.00, 0.00, 1.00, 1.00, 0.00, 1.00
251,  0,  25.196,  0.98,  1, 0.00, 0.00, 0.32, 0.00, 0.00, 0.29, 0.00, 0.85, 0.00, 0.17, 0.00, 0.06, 0.00, 0.00, 0.50, 1.08, 0.17, 0.00, 0.00, 1.00, 0.00, 0.00, 1.00, 0.00, 0.00, 0.00, 0.00, 1.00, 0.00, 0.00, 0.00, 1.00, 1.00, 0.00, 1.00
252,  0,  25.297,  0.98,  1, 0.00, 0.00, 0.29, 0.00, 0.01, 0.23, 0.00, 0.77, 0.00, 0.13, 0.02, 0.04, 0.00, 0.00, 0.40, 1.19, 0.17, 0.00, 0.00, 1.00, 0.00, 0.00, 1.00, 0.00, 0.00, 0.00, 0.00, 1.00, 0.00, 0.00, 0.00, 1.00, 1.00, 0.00, 1.00
253,  0,  25.397,  0.98,  1, 0.00, 0.00, 0.22, 0.00, 0.01, 0.12, 0.00, 0.73, 0.00, 0.11, 0.04, 0.09, 0.00, 0.00, 0.26, 1.05, 0.08, 0.00, 0.00, 1.00, 0.00, 0.00, 1.00, 0.00, 0.00, 0.00, 0.00, 1.00, 0.00, 0.00, 0.00, 1.00, 1.00, 0.00, 1.00
254,  0,  25.498,  0.98,  1, 0.00, 0.00, 0.12, 0.00, 0.01, 0.09, 0.00, 0.78, 0.00, 0.03, 0.04, 0.17, 0.00, 0.00, 0.27, 1.18, 0.01, 0.00, 0.00, 1.00, 0.00, 0.00, 1.00, 0.00, 0.00, 0.00, 0.00, 1.00, 0.00, 0.00, 0.00, 1.00, 1.00, 0.00, 1.00
255,  0,  25.599,  0.98,  1, 0.00, 0.00, 0.15, 0.00, 0.00, 0.05, 0.00, 0.83, 0.00, 0.03, 0.03, 0.21, 0.00, 0.00, 0.17, 1.25, 0.01, 0.00, 0.00, 1.00, 0.00, 0.00, 1.00, 0.00, 0.00, 0.00, 0.00, 1.00, 0.00, 0.00, 0.00, 0.00, 1.00, 0.00, 1.00
256,  0,  25.700,  0.98,  1, 0.00, 0.00, 0.11, 0.00, 0.00, 0.12, 0.00, 0.75, 0.00, 0.03, 0.02, 0.22, 0.00, 0.00, 0.27, 1.55, 0.06, 0.00, 0.00, 1.00, 0.00, 0.00, 1.00, 0.00, 0.00, 0.00, 0.00, 1.00, 0.00, 0.00, 0.00, 0.00, 1.00, 0.00, 1.00
257,  0,  25.801,  0.98,  1, 0.04, 0.00, 0.21, 0.00, 0.00, 0.08, 0.00, 0.75, 0.00, 0.08, 0.17, 0.33, 0.00, 0.00, 0.27, 1.50, 0.05, 0.00, 0.00, 1.00, 0.00, 0.00, 1.00, 0.00, 0.00, 0.00, 0.00, 1.00, 0.00, 0.00, 0.00, 0.00, 1.00, 0.00, 1.00
258,  0,  25.901,  0.98,  1, 0.10, 0.00, 0.26, 0.00, 0.00, 0.10, 0.00, 0.63, 0.00, 0.16, 0.21, 0.36, 0.00, 0.00, 0.45, 1.36, 0.05, 0.00, 0.00, 1.00, 0.00, 0.00, 1.00, 0.00, 0.00, 0.00, 0.00, 1.00, 0.00, 0.00, 0.00, 0.00, 1.00, 0.00, 1.00
259,  0,  26.002,  0.98,  1, 0.14, 0.00, 0.41, 0.00, 0.00, 0.03, 0.00, 0.62, 0.00, 0.19, 0.25, 0.29, 0.00, 0.00, 0.48, 1.17, 0.00, 0.00, 0.00, 1.00, 0.00, 0.00, 1.00, 0.00, 0.00, 0.00, 0.00, 1.00, 0.00, 0.00, 0.00, 0.00, 1.00, 0.00, 0.00
260,  0,  26.103,  0.98,  1, 0.10, 0.00, 0.43, 0.00, 0.00, 0.07, 0.00, 0.48, 0.00, 0.11, 0.12, 0.21, 0.00, 0.00, 0.51, 1.11, 0.00, 0.00, 0.00, 1.00, 0.00, 0.00, 1.00, 0.00, 0.00, 0.00, 0.00, 1.00, 0.00, 0.00, 0.00, 0.00, 1.00, 0.00, 0.00
261,  0,  26.204,  0.98,  1, 0.04, 0.00, 0.37, 0.00, 0.00, 0.07, 0.00, 0.45, 0.00, 0.03, 0.06, 0.22, 0.00, 0.00, 0.48, 1.23, 0.00, 0.00, 0.00, 1.00, 0.00, 0.00, 1.00, 0.00, 0.00, 0.00, 0.00, 1.00, 0.00, 0.00, 0.00, 0.00, 1.00, 0.00, 0.00
262,  0,  26.305,  0.98,  1, 0.03, 0.00, 0.36, 0.00, 0.00, 0.07, 0.00, 0.39, 0.00, 0.00, 0.10, 0.39, 0.00, 0.00, 0.51, 1.14, 0.00, 0.00, 0.00, 1.00, 0.00, 0.00, 1.00, 0.00, 0.00, 0.00, 0.00, 1.00, 0.00, 0.00, 0.00, 0.00, 1.00, 0.00, 0.00
263,  0,  26.405,  0.98,  1, 0.04, 0.00, 0.26, 0.00, 0.00, 0.03, 0.00, 0.27, 0.00, 0.00, 0.08, 0.36, 0.00, 0.00, 0.62, 1.12, 0.00, 0.00, 0.00, 1.00, 0.00, 0.00, 1.00, 0.00, 0.00, 0.00, 0.00, 1.00, 0.00, 0.00, 0.00, 0.00, 1.00, 0.00, 0.00
264,  0,  26.506,  0.98,  1, 0.04, 0.00, 0.23, 0.00, 0.00, 0.01, 0.00, 0.25, 0.00, 0.00, 0.12, 0.25, 0.00, 0.00, 0.61, 1.05, 0.00, 0.00, 0.00, 1.00, 0.00, 0.00, 1.00, 0.00, 0.00, 0.00, 0.00, 1.00, 0.00, 0.00, 0.00, 0.00, 1.00, 0.00, 0.00
265,  0,  26.607,  0.98,  1, 0.01, 0.00, 0.08, 0.00, 0.00, 0.00, 0.00, 0.25, 0.00, 0.00, 0.08, 0.17, 0.00, 0.00, 0.66, 1.36, 0.00, 0.00, 0.00, 1.00, 0.00, 0.00, 1.00, 0.00, 0.00, 0.00, 0.00, 0.00, 0.00, 0.00, 0.00, 1.00, 1.00, 0.00, 0.00
266,  0,  26.708,  0.98,  1, 0.00, 0.00, 0.05, 0.00, 0.00, 0.00, 0.00, 0.44, 0.00, 0.00, 0.08, 0.19, 0.00, 0.00, 0.69, 1.56, 0.00, 0.00, 0.00, 1.00, 0.00, 0.00, 1.00, 0.00, 0.00, 0.00, 0.00, 0.00, 0.00, 0.00, 0.00, 1.00, 1.00, 0.00, 0.00
267,  0,  26.808,  0.98,  1, 0.01, 0.00, 0.02, 0.00, 0.00, 0.04, 0.00, 0.43, 0.00, 0.00, 0.04, 0.21, 0.00, 0.00, 0.76, 1.65, 0.00, 0.00, 0.00, 1.00, 0.00, 0.00, 1.00, 0.00, 0.00, 0.00, 0.00, 0.00, 0.00, 0.00, 0.00, 1.00, 1.00, 0.00, 0.00
268,  0,  26.909,  0.98,  1, 0.02, 0.00, 0.02, 0.00, 0.00, 0.04, 0.00, 0.42, 0.00, 0.00, 0.00, 0.13, 0.00, 0.00, 0.75, 1.68, 0.00, 0.00, 0.00, 1.00, 0.00, 0.00, 1.00, 0.00, 0.00, 0.00, 0.00, 0.00, 0.00, 0.00, 0.00, 1.00, 1.00, 0.00, 1.00
269,  0,  27.010,  0.98,  1, 0.06, 0.00, 0.02, 0.00, 0.00, 0.04, 0.00, 0.32, 0.00, 0.00, 0.06, 0.15, 0.00, 0.00, 0.67, 1.64, 0.00, 0.00, 0.00, 1.00, 0.00, 0.00, 1.00, 0.00, 0.00, 0.00, 0.00, 0.00, 0.00, 0.00, 0.00, 1.00, 1.00, 0.00, 0.00
270,  0,  27.111,  0.98,  1, 0.09, 0.00, 0.00, 0.00, 0.00, 0.07, 0.01, 0.31, 0.00, 0.00, 0.06, 0.21, 0.00, 0.00, 0.69, 1.60, 0.00, 0.00, 0.00, 1.00, 0.00, 0.00, 1.00, 0.00, 0.00, 0.00, 0.00, 0.00, 0.00, 0.00, 0.00, 1.00, 1.00, 0.00, 0.00
271,  0,  27.212,  0.98,  1, 0.14, 0.00, 0.04, 0.00, 0.00, 0.08, 0.01, 0.34, 0.00, 0.00, 0.06, 0.27, 0.00, 0.00, 0.62, 1.39, 0.00, 0.00, 0.00, 1.00, 0.00, 0.00, 1.00, 0.00, 0.00, 0.00, 0.00, 0.00, 0.00, 0.00, 0.00, 1.00, 1.00, 0.00, 0.00
272,  0,  27.312,  0.98,  1, 0.14, 0.00, 0.05, 0.00, 0.00, 0.08, 0.01, 0.39, 0.00, 0.00, 0.00, 0.25, 0.00, 0.00, 0.55, 1.30, 0.00, 0.00, 0.00, 1.00, 0.00, 0.00, 1.00, 0.00, 0.00, 0.00, 0.00, 0.00, 0.00, 0.00, 0.00, 1.00, 1.00, 0.00, 0.00
273,  0,  27.413,  0.98,  1, 0.22, 0.00, 0.08, 0.00, 0.00, 0.01, 0.00, 0.43, 0.00, 0.00, 0.02, 0.27, 0.00, 0.00, 0.45, 1.33, 0.00, 0.00, 0.00, 1.00, 0.00, 0.00, 1.00, 0.00, 0.00, 0.00, 0.00, 0.00, 0.00, 0.00, 0.00, 1.00, 1.00, 0.00, 0.00
274,  0,  27.514,  0.98,  1, 0.23, 0.00, 0.08, 0.00, 0.00, 0.03, 0.00, 0.37, 0.00, 0.00, 0.02, 0.29, 0.00, 0.00, 0.47, 1.47, 0.00, 1.00, 0.00, 1.00, 0.00, 0.00, 1.00, 0.00, 0.00, 0.00, 0.00, 0.00, 0.00, 0.00, 0.00, 1.00, 1.00, 0.00, 0.00
275,  0,  27.615,  0.98,  1, 0.19, 0.00, 0.06, 0.00, 0.00, 0.03, 0.00, 0.40, 0.00, 0.00, 0.02, 0.32, 0.00, 0.00, 0.55, 1.54, 0.00, 1.00, 0.00, 1.00, 0.00, 0.00, 1.00, 0.00, 0.00, 0.00, 0.00, 0.00, 0.00, 0.00, 0.00, 1.00, 1.00, 0.00, 0.00
276,  0,  27.715,  0.98,  1, 0.08, 0.00, 0.04, 0.00, 0.00, 0.03, 0.00, 0.33, 0.00, 0.02, 0.00, 0.27, 0.00, 0.00, 0.71, 1.65, 0.00, 1.00, 0.00, 1.00, 0.00, 0.00, 1.00, 0.00, 0.00, 0.00, 0.00, 0.00, 0.00, 0.00, 0.00, 1.00, 1.00, 0.00, 0.00
277,  0,  27.816,  0.98,  1, 0.04, 0.00, 0.01, 0.00, 0.00, 0.00, 0.00, 0.33, 0.00, 0.02, 0.00, 0.33, 0.00, 0.00, 0.70, 1.64, 0.00, 1.00, 0.00, 1.00, 0.00, 0.00, 1.00, 0.00, 0.00, 0.00, 0.00, 0.00, 0.00, 0.00, 0.00, 1.00, 1.00, 0.00, 0.00
278,  0,  27.917,  0.98,  1, 0.11, 0.00, 0.01, 0.00, 0.00, 0.00, 0.00, 0.25, 0.00, 0.02, 0.00, 0.29, 0.00, 0.00, 0.61, 1.70, 0.03, 1.00, 0.00, 1.00, 0.00, 0.00, 1.00, 0.00, 0.00, 0.00, 0.00, 0.00, 0.00, 0.00, 0.00, 1.00, 1.00, 0.00, 0.00
279,  0,  28.018,  0.98,  1, 0.29, 0.11, 0.06, 0.00, 0.00, 0.00, 0.00, 0.36, 0.00, 0.13, 0.00, 0.45, 0.00, 0.00, 0.38, 1.72, 0.28, 1.00, 0.00, 1.00, 0.00, 0.00, 1.00, 0.00, 0.00, 0.00, 0.00, 0.00, 0.00, 0.00, 0.00, 1.00, 1.00, 0.00, 1.00
280,  0,  28.119,  0.98,  1, 0.42, 0.11, 0.06, 0.00, 0.00, 0.00, 0.00, 0.32, 0.00, 0.19, 0.00, 0.43, 0.00, 0.00, 0.31, 1.80, 0.42, 1.00, 0.00, 1.00, 0.00, 0.00, 1.00, 0.00, 0.00, 0.00, 0.00, 0.00, 0.00, 0.00, 0.00, 1.00, 1.00, 0.00, 1.00
281,  0,  28.219,  0.98,  1, 0.53, 0.14, 0.09, 0.00, 0.00, 0.00, 0.00, 0.37, 0.00, 0.25, 0.00, 0.47, 0.00, 0.00, 0.38, 1.86, 0.50, 1.00, 0.00, 1.00, 0.00, 0.00, 1.00, 0.00, 0.00, 0.00, 0.00, 0.00, 0.00, 0.00, 0.00, 1.00, 1.00, 0.00, 1.00
282,  0,  28.320,  0.98,  1, 0.50, 0.05, 0.03, 0.00, 0.00, 0.00, 0.00, 0.38, 0.00, 0.19, 0.00, 0.36, 0.00, 0.00, 0.49, 1.92, 0.42, 1.00, 0.00, 1.00, 0.00, 0.00, 1.00, 0.00, 0.00, 0.00, 0.00, 0.00, 0.00, 0.00, 0.00, 1.00, 1.00, 0.00, 1.00
283,  0,  28.421,  0.98,  1, 0.40, 0.05, 0.03, 0.00, 0.00, 0.00, 0.00, 0.41, 0.00, 0.14, 0.00, 0.35, 0.00, 0.00, 0.50, 1.93, 0.50, 1.00, 0.00, 1.00, 0.00, 0.00, 1.00, 0.00, 0.00, 0.00, 0.00, 0.00, 0.00, 0.00, 0.00, 1.00, 1.00, 0.00, 1.00
284,  0,  28.522,  0.98,  1, 0.31, 0.02, 0.00, 0.00, 0.00, 0.00, 0.00, 0.42, 0.00, 0.08, 0.00, 0.30, 0.00, 0.00, 0.53, 2.04, 0.56, 1.00, 0.00, 1.00, 0.00, 0.00, 1.00, 0.00, 0.00, 0.00, 0.00, 0.00, 0.00, 0.00, 0.00, 1.00, 1.00, 0.00, 1.00
285,  0,  28.623,  0.98,  1, 0.32, 0.04, 0.02, 0.00, 0.00, 0.00, 0.00, 0.49, 0.00, 0.16, 0.00, 0.32, 0.00, 0.00, 0.53, 2.03, 0.54, 1.00, 0.00, 1.00, 0.00, 0.00, 1.00, 0.00, 0.00, 0.00, 0.00, 0.00, 0.00, 0.00, 0.00, 1.00, 1.00, 0.00, 1.00
286,  0,  28.723,  0.98,  1, 0.35, 0.04, 0.02, 0.00, 0.00, 0.00, 0.00, 0.64, 0.00, 0.23, 0.00, 0.37, 0.00, 0.00, 0.49, 2.01, 0.58, 1.00, 0.00, 1.00, 0.00, 0.00, 1.00, 0.00, 0.00, 0.00, 0.00, 0.00, 0.00, 0.00, 0.00, 1.00, 1.00, 0.00, 1.00
287,  0,  28.824,  0.98,  1, 0.39, 0.12, 0.03, 0.00, 0.00, 0.00, 0.00, 0.76, 0.00, 0.37, 0.03, 0.60, 0.00, 0.00, 0.58, 1.88, 0.61, 1.00, 0.00, 1.00, 0.00, 0.00, 1.00, 0.00, 0.00, 0.00, 0.00, 0.00, 0.00, 0.00, 0.00, 0.00, 1.00, 0.00, 1.00
288,  0,  28.925,  0.98,  1, 0.48, 0.22, 0.08, 0.00, 0.00, 0.00, 0.00, 0.75, 0.00, 0.21, 0.08, 0.86, 0.00, 0.00, 0.80, 1.36, 0.78, 1.00, 0.00, 1.00, 0.00, 0.00, 1.00, 0.00, 0.00, 0.00, 0.00, 0.00, 0.00, 0.00, 0.00, 0.00, 1.00, 0.00, 1.00
289,  0,  29.026,  0.98,  1, 0.54, 0.23, 0.16, 0.00, 0.00, 0.00, 0.00, 0.61, 0.00, 0.14, 0.08, 0.96, 0.00, 0.00, 0.87, 0.89, 0.98, 1.00, 0.00, 1.00, 0.00, 0.00, 1.00, 0.00, 0.00, 0.00, 0.00, 0.00, 1.00, 0.00, 0.00, 0.00, 1.00, 0.00, 1.00
290,  0,  29.126,  0.93,  1, 0.58, 0.15, 0.14, 0.00, 0.00, 0.00, 0.00, 0.53, 0.00, 0.00, 0.05, 0.98, 0.00, 0.00, 0.66, 0.36, 1.09, 1.00, 0.00, 1.00, 0.00, 0.00, 1.00, 0.00, 0.00, 0.00, 0.00, 0.00, 1.00, 0.00, 0.00, 0.00, 0.00, 0.00, 1.00
291,  0,  29.227,  0.98,  1, 0.41, 0.10, 0.15, 0.00, 0.00, 0.00, 0.00, 0.48, 0.00, 0.00, 0.00, 0.93, 0.00, 0.00, 0.36, 0.45, 0.89, 1.00, 0.00, 1.00, 0.00, 0.00, 1.00, 0.00, 0.00, 0.00, 0.00, 0.00, 1.00, 0.00, 0.00, 0.00, 0.00, 0.00, 1.00
292,  0,  29.328,  0.98,  1, 0.33, 0.08, 0.09, 0.00, 0.00, 0.00, 0.00, 0.51, 0.00, 0.00, 0.03, 0.93, 0.02, 0.00, 0.22, 0.58, 0.47, 1.00, 1.00, 1.00, 0.00, 0.00, 1.00, 0.00, 0.00, 0.00, 0.00, 0.00, 1.00, 0.00, 0.00, 0.00, 0.00, 0.00, 1.00
293,  0,  29.429,  0.98,  1, 0.29, 0.08, 0.09, 0.00, 0.00, 0.00, 0.01, 0.49, 0.00, 0.00, 0.08, 0.90, 0.12, 0.00, 0.15, 0.74, 0.16, 1.00, 0.00, 1.00, 0.00, 0.00, 1.00, 0.00, 0.00, 0.00, 0.00, 0.00, 1.00, 0.00, 0.00, 0.00, 0.00, 0.00, 1.00
294,  0,  29.530,  0.98,  1, 0.28, 0.00, 0.02, 0.00, 0.01, 0.00, 0.07, 0.46, 0.00, 0.00, 0.15, 0.63, 0.12, 0.00, 0.23, 0.77, 0.03, 1.00, 0.00, 1.00, 0.00, 0.00, 1.00, 0.00, 0.00, 0.00, 0.00, 0.00, 0.00, 0.00, 0.00, 0.00, 0.00, 0.00, 0.00
295,  0,  29.630,  0.98,  1, 0.21, 0.00, 0.00, 0.00, 0.01, 0.00, 0.10, 0.43, 0.00, 0.00, 0.12, 0.51, 0.09, 0.00, 0.41, 0.85, 0.00, 1.00, 0.00, 1.00, 0.00, 0.00, 1.00, 0.00, 0.00, 0.00, 0.00, 0.00, 0.00, 0.00, 0.00, 0.00, 0.00, 0.00, 0.00
296,  0,  29.731,  0.98,  1, 0.09, 0.00, 0.00, 0.00, 0.02, 0.00, 0.13, 0.42, 0.00, 0.00, 0.07, 0.37, 0.00, 0.00, 0.48, 0.93, 0.00, 1.00, 0.00, 1.00, 0.00, 0.00, 1.00, 0.00, 0.00, 0.00, 0.00, 0.00, 0.00, 0.00, 0.00, 0.00, 0.00, 0.00, 0.00
297,  0,  29.832,  0.98,  1, 0.09, 0.03, 0.02, 0.00, 0.01, 0.00, 0.08, 0.52, 0.00, 0.00, 0.00, 0.44, 0.00, 0.00, 0.51, 0.97, 0.00, 1.00, 0.00, 1.00, 0.00, 0.00, 1.00, 0.00, 1.00, 0.00, 0.00, 0.00, 0.00, 0.00, 0.00, 0.00, 0.00, 0.00, 0.00
298,  0,  29.933,  0.98,  1, 0.12, 0.03, 0.04, 0.00, 0.01, 0.00, 0.11, 0.65, 0.00, 0.00, 0.00, 0.37, 0.00, 0.00, 0.46, 0.97, 0.00, 1.00, 0.00, 1.00, 0.00, 0.00, 1.00, 0.00, 1.00, 0.00, 0.00, 0.00, 0.00, 0.00, 0.00, 0.00, 0.00, 0.00, 0.00
299,  0,  30.033,  0.98,  1, 0.12, 0.06, 0.06, 0.00, 0.00, 0.00, 0.12, 0.81, 0.00, 0.00, 0.00, 0.43, 0.00, 0.00, 0.51, 1.02, 0.00, 1.00, 0.00, 1.00, 0.00, 0.00, 1.00, 0.00, 1.00, 0.00, 0.00, 0.00, 0.00, 0.00, 0.00, 0.00, 0.00, 0.00, 0.00
300,  0,  30.134,  0.98,  1, 0.04, 0.04, 0.03, 0.00, 0.00, 0.00, 0.14, 0.79, 0.00, 0.00, 0.00, 0.53, 0.00, 0.00, 0.46, 1.08, 0.00, 1.00, 0.00, 1.00, 0.00, 0.00, 1.00, 0.00, 1.00, 0.00, 0.00, 0.00, 0.00, 0.00, 0.00, 0.00, 0.00, 0.00, 0.00
301,  0,  30.235,  0.98,  1, 0.00, 0.06, 0.02, 0.00, 0.00, 0.00, 0.10, 0.73, 0.00, 0.00, 0.00, 0.70, 0.08, 0.00, 0.53, 1.07, 0.00, 1.00, 0.00, 1.00, 0.00, 0.00, 1.00, 0.00, 1.00, 0.00, 0.00, 0.00, 0.00, 0.00, 0.00, 0.00, 0.00, 0.00, 0.00
302,  0,  30.336,  0.98,  1, 0.07, 0.07, 0.00, 0.00, 0.00, 0.00, 0.07, 0.65, 0.00, 0.00, 0.00, 0.93, 0.08, 0.00, 0.56, 0.92, 0.00, 1.00, 0.00, 1.00, 0.00, 0.00, 1.00, 0.00, 0.00, 0.00, 0.00, 0.00, 0.00, 0.00, 0.00, 0.00, 0.00, 0.00, 0.00
303,  0,  30.437,  0.98,  1, 0.10, 0.07, 0.02, 0.00, 0.00, 0.00, 0.10, 0.57, 0.00, 0.00, 0.00, 1.03, 0.17, 0.00, 0.62, 0.80, 0.00, 1.00, 1.00, 1.00, 0.00, 0.00, 1.00, 0.00, 0.00, 0.00, 0.00, 0.00, 0.00, 0.00, 0.00, 0.00, 0.00, 0.00, 0.00
304,  0,  30.537,  0.98,  1, 0.10, 0.05, 0.04, 0.00, 0.01, 0.00, 0.14, 0.59, 0.00, 0.00, 0.00, 1.03, 0.09, 0.00, 0.56, 0.71, 0.00, 1.00, 1.00, 1.00, 0.00, 0.00, 1.00, 0.00, 0.00, 0.00, 0.00, 0.00, 1.00, 0.00, 0.00, 0.00, 0.00, 0.00, 0.00
305,  0,  30.638,  0.98,  1, 0.19, 0.11, 0.12, 0.10, 0.01, 0.00, 0.12, 0.50, 0.00, 0.00, 0.10, 0.91, 0.09, 0.00, 0.77, 0.74, 0.00, 1.00, 1.00, 1.00, 0.00, 0.00, 1.00, 0.00, 0.00, 0.00, 0.00, 0.00, 1.00, 0.00, 0.00, 0.00, 0.00, 0.00, 0.00
306,  0,  30.739,  0.98,  1, 0.16, 0.10, 0.26, 0.10, 0.01, 0.00, 0.07, 0.55, 0.00, 0.00, 0.13, 0.80, 0.00, 0.00, 0.57, 0.86, 0.00, 1.00, 1.00, 1.00, 0.00, 0.00, 1.00, 0.00, 0.00, 0.00, 0.00, 0.00, 0.00, 0.00, 0.00, 0.00, 0.00, 0.00, 0.00
307,  0,  30.840,  0.98,  1, 0.39, 0.10, 0.44, 0.68, 0.00, 0.00, 0.00, 0.33, 0.00, 0.00, 0.20, 1.10, 0.00, 0.20, 0.66, 1.07, 0.00, 1.00, 0.00, 1.00, 0.00, 0.00, 1.00, 0.00, 0.00, 0.00, 0.00, 0.00, 1.00, 0.00, 0.00, 0.00, 0.00, 0.00, 0.00
308,  0,  30.941,  0.98,  1, 0.69, 0.00, 0.59, 1.72, 0.00, 0.00, 0.00, 0.00, 0.00, 0.00, 0.22, 1.72, 0.00, 0.61, 0.83, 1.38, 0.00, 1.00, 0.00, 1.00, 1.00, 0.00, 1.00, 0.00, 0.00, 0.00, 0.00, 0.00, 1.00, 0.00, 0.00, 0.00, 0.00, 0.00, 0.00
